"Toy","Description","Length"
"1000: container ship","Storage location: Preschoolers","30"
"1002: Brainbox Plug and Play","Storage location: Over Toddlers years, red alarm and #22 donnullt seem to be working,have put out back, buy another set/ spares","127"
"1006: Kazam Red Bike","Storage location: Big toys and ride-ons","39"
"1007: Feed the Frog Golf Set","Storage location: Preschoolers","30"
"1009: Count & Scan Shop","Storage location: Toddlers","26"
"1011: Duplo Rescue Set","Storage location: Construction","30"
"1013: Wooden Garage/Road Builder and Characters","Storage location: Preschoolers","30"
"1014: Train Magnets","Storage location: Preschoolers","30"
"1015: Push a long rainbow","Storage location: Babies","24"
"1016: Best friends Playhouse","Storage location: Toddlers, house, car, girl 2 yellow fences, blue table and chair","82"
"1017: Wooden Sushi Set","Storage location: Preschoolers","30"
"1018: Stand n Play Ramp","Storage location: Toddlers, with black littlepeople car","55"
"1021: Bloktown Airport","Storage location: Construction","30"
"1027: Girls Helmet","Storage location: Behind Issues","31"
"1028: Harold Helicopter","Storage location: Toddlers","26"
"1029: Pop n Surprise Train 2","Storage location: Toddlers","26"
"1032: Polly Pocket Make up Table","Storage location: Over Toddlers years","37"
"1035: Clippo Animals","Storage location: Toddlers, clippo bricks Fisher Price in own container","71"
"1036: Fisher Price Ark","Storage location: Babies, Ark and giraffe, gorilla, elephant, bear","66"
"1037: Push & Go Turtle","Storage location: Babies","24"
"1038: Baby Jukebox","Storage location: Babies","24"
"1040: Tonka Tool Kit","Storage location: Toddlers, Tool Kit and hat and belt","53"
"1043: Firetruck","Storage location: Big toys and ride-ons, ""Little Tikes Fire Engine with removable green water tank does not have hose""","118"
"1044: Giraffe costume","Storage location: Water play","28"
"1045: Hey Thats My Fish","Storage location: Over Toddlers years","37"
"1047: Kids of Catan","Storage location: Games","23"
"1048: Brain Box ABC","Storage location: Games, instruction card, sand timer, die and 52 play cards in own box","87"
"1049: You Robot","Storage location: Games","23"
"1050: First Hand","Storage location: Games","23"
"1051: Chicken Cha Cha Cha","Storage location: Games","23"
"1053: Black/White Board","Storage location: Numeracy, Literacy and Science, Easel with white board and black board","88"
"1054: Rocking horse","Storage location: Big toys and ride-ons, Wooden rocking horse","61"
"1055: Mega Blocks Work Bench","Storage location: Construction, Mega Blocks Work Station -tools and blocks in a red box","87"
"1056: Fisher Price Fun town railway","Storage location: Toddlers, Fisher Price train track with train, and driver","75"
"1058: Little people building blocks","Storage location: Construction, Little people builders set in plastic container with tan coloured roof ramp","107"
"1061: Count and Scan Shop","Storage location: Toddlers","26"
"1062: Kids of Carcassonne","Storage location: Games","23"
"1063: Rivers Roads & Rails","Storage location: Games","23"
"1065: Wooden Lacing Shoe","Storage location: Preschoolers","30"
"1066: Shopping list","Storage location: Games","23"
"1068: Can You See What I See","Storage location: Games, Finders Keepers Game","45"
"1069: Yellow Helmet","Storage location: Big toys and ride-ons","39"
"1070: Fisher Price Train Set","Storage location: Toddlers, ""1 Train and Carriage,1 Wagon, 4 blocks, Merry go round, cat, elephant, clown""","106"
"1072: Pink Wooden Train Set","Storage location: Preschoolers","30"
"1076: Duplo Cake Set","Storage location: Construction, Duplo pink cake set","51"
"1077: Wooden Tool Trolley","Storage location: Preschoolers, Wooden Tool trolley with screws, screwdrivers etc.","82"
"1079: Weplay Blocks","Storage location: Construction, Giant Lego blocks","49"
"1081: Fairy Costume","Storage location: Water play, Fairy Costume","43"
"1084: Bubble Wand","Storage location: Water play, ""1 Large Black Dish,1 Blue Dish,1 large Blue bubble blower,1 green/grey/blue bubble blower""","121"
"1085: Little Tikes Sports and Slide","Storage location: Big toys and ride-ons, Big toy with basketball hoop and soccer goal and slide","95"
"1086: Giant Spinning Top","Storage location: Big toys and ride-ons","39"
"1087: Pogo Stick","Storage location: Over Toddlers years","37"
"1088: Pink Scooter","Storage location: Big toys and ride-ons","39"
"1089: Princess Elise Magnetic Dress Up","Storage location: Preschoolers","30"
"108: Funny Animal Match Up","Storage location: Preschoolers, A large wooden puzzle with lots of animals that are all divided into heads and tails to match together","134"
"1090: Junior Bouncer Trampoline","Storage location: Big toys and ride-ons, Baby trampoline","56"
"1091: Baby Bouncer Tiny Love","Storage location: Babies, ""Bouncinette Tiny Love with clip on attachments and music""","84"
"1092: Tutor Systems Level 3 or 4","Storage location: Numeracy, Literacy and Science, Tutor system with answer tray, number tiles, vocabulary, phonics, reading and spelling books for level 3 and 4","160"
"1093: Tutor Systems Level 1 or 2","Storage location: Numeracy, Literacy and Science, Tutor system with answer tray, number tiles, vocabulary, phonics, reading and spelling books for level 1 and 2","160"
"1094: Schleich Farm Set","Storage location: Toddlers, horse box, jeep, tip truck, tractor, trailor, pig, sheep, cows, horses, rooster, hen, milk maid","123"
"1095: Little Tikes Assortment","Storage location: Toddlers, ""Boat, Motorbike, chairs, beds, surfboard, speeedboats, people, dog""","96"
"1096: FM Radio","Storage location: , snap ciruit to make a radio","47"
"1097: Little Tikes Wagon","Storage location: Big toys and ride-ons","39"
"1098: Duplo Supermarket-Cafe","Storage location: Toddlers","26"
"1099: Playskool Magic Tea Party","Storage location: Toddlers, play set that changes colour","56"
"109: Fisher Price Walker 1#","Kindly donated by Barsaum (Ramjar). Thank you.","47"
"1100: Cozy Coupe Shopping Cart","Storage location: Toddlers, Little Tikes Shopping cart with car underneath to put your teddy in","95"
"1101: IQ pyramid","Storage location: Over Toddlers years, The wooden balls stack up to make apyramid in various ways.","98"
"1102: Ice Cream Parlour","Storage location: Toddlers, Ice cream parlour with icecream cones, icecream and toppings. Complete with scoop and two spoons","124"
"1103: Step 2 Rollercoaster","Storage location: Big toys and ride-ons, ""6 pieces ,three bits long rollercoaster with car""","91"
"1104: Step 2 Cafe Barista","Storage location: Toddlers, Serve drinks and sweet treats. Real frothing, brewing and grinding sounds. Coffee machine plus cups and caf food","140"
"1107: Healthy Salad","Storage location: Toddlers, Salad set including Salad bowl, servers, olive oil, vinegar, pepper, lettuce leaves, tomato, carrot, capsicum, cucumber, onion","154"
"110: Fisher Price Noah's Ark","Extra pieces in bag behind desk. Pieces all together are: Musical Ark Baby Tiger Baby Elephant Baby Bear Baby Giraffe Baby Gorilla","139"
"1111: Clippo","Storage location: Toddlers, Chunky pieces to build with","55"
"1116: Sylvanian Family Car","Storage location: Over Toddlers years, Green Vintage Car and two back seats","75"
"1117: Sylvanian Families Huge Playset","Storage location: Over Toddlers years, Mum, Dad, Brother, Sister, 2 babies (green and pink),1 grey kitten with red pants,1 black and white bunny with yellow pants, 2 dummies, 2 bottles, 1 biscuit","195"
"1118: Little Tikes Garden","Storage location: Big toys and ride-ons, three shapes plus four balls","69"
"1119: Little tikes Car Carrier","Storage location: Preschoolers, Big Truck with two cars inside, red and yellow","78"
"111: Littlest Pet Shop","Two little pets in bag behind the desk.","39"
"1122: Wooden Microwave","Storage location: Preschoolers, Wooden Microwave with round spinning plate inside and knobs on front","100"
"1124: Magnetic Counting Set - Numbers","Storage location: Numeracy, Literacy and Science, Magnetic counting set with numbers","84"
"1127: Little Tikes Fire Station","Storage location: Toddlers, Fire Station with slide for little fire engine","74"
"1132: Little Tikes Golf Set","Storage location: Toddlers, Golf trundler, two clubs, one golf hole and 1 ball","78"
"1135: Menagerie","Storage location: Games, Learn about NZ wild life, of threats and management.","77"
"1136: Tell the time game","Storage location: Games, Game to play and learn by matching time","64"
"1137: Junior Alpha Animals","Storage location: Games, Test your knowledge of animals and their habitat","73"
"1139: Bill Bells Busy Puzzles for kids","Storage location: Jigsaws, 250 piece jigsaw puzzel","50"
"113: Paw Patrol My Size Lookout Tower","Bag behind desk  Might want to hire Marshall as well","53"
"1141: Step 2 Folding slide","Storage location: Big toys and ride-ons, 3 piece step up slide","62"
"1142: Polydron Giant Set","Storage location: Construction, 40 piece pack consisting of ,20 triangles (5 each of red, yellow, blue and green),,20 squares (5 each of red, yellow, blue and green)","165"
"1143: Baby Bath Set","Storage location: Preschoolers, Baby bath with potty, brush, comb, sponge and talcum powder","91"
"1144: Pounce","Storage location: Games, ""Catch as cat can card game. 51 cards, 5 laminated instruction cards""","94"
"1148: Olifu Balance Disc","Storage location: Big toys and ride-ons","39"
"1149: Duplo House","Storage location: Construction, Lego House in plastic container","63"
"1150: Little Tikes Ball Drop Water Table","Storage location: Big toys and ride-ons, ""Water Table with spiral ball drop down middle.5 x balls,3 bits that fit into sides (funnell, roundabout, spiral turn)""","160"
"1154: Disney Princess Songs Castle","Storage location: Toddlers, ""Princess castle that makes sounds and song. With 2 princesses.2 chairs,2 flags,1 table,1 bed""","122"
"1155: Fisher Price Letters Postbox","Storage location: Toddlers, ""Mailbox with sounds. ,1 Parcel,3 Letters""","70"
"1158: Shapes Picnic Basket","Storage location: Toddlers, musical picnic basket. 6 food items, 2 plates, 2 forks, 2 cups and 1 blanket","104"
"1159: Lightning McQueen Racing Suit","Storage location: Water play, Red suit","38"
"1161: Balls","Storage location: Toddlers, 93 Balls","36"
"1162: WOW PLAYSET","Storage location: Toddlers, Wow toy with Pippa, fairy, pony and carriage with opening roof.","91"
"1163: Wow Dexter the Digger","Storage location: Toddlers, Wow Dexter Digger, including the driver, and 3 boulders.","84"
"1164: Melissa & Doug Latches Board","Storage location: Games, Melissa & Doug Latches Board. Board with locks and latches to practice opening","103"
"1166: Melissa & Doug Basic Skills Board","Storage location: Games, Melissa & Doug Skills board. 6 puzzle pieces each with a different skill on them ie, shoelaces, zip, belt, button etc.","143"
"1168: Backyard BBQ","Storage location: Big toys and ride-ons, Bbq with grill and sink. Hot plate, two burger buns, burger, sausage and bun,tongs and spatula, yellow pan","147"
"1169: Interactive Farm","Storage location: Preschoolers, Farm and Base.,Farm animals and garden toys","75"
"1172: Magnetic Preten Play Jack","Storage location: Preschoolers, Wooden Magnetic Person with several different sporting outfits to dress up.","107"
"1174: Cutting Food Set","Storage location: Preschoolers, Cutting food set- bread, loaf, carrot, tomatoe, cucumber, apple, watermelon","107"
"1176: Playmobile Cat Scratching Tree","Storage location: Over Toddlers years, 6 cats, scratching tree and 2 people","75"
"1177: Family speed boat","Storage location: Over Toddlers years, playmobile speed boat and family","71"
"1178: Playmobil Horse Riding set with vehicles","Storage location: Over Toddlers years, car and horse trailer. Horse and rider. Playmobile","89"
"117: Humdinger Family Set","Storage location: Construction, Large wooden holed box for holding all the wooden pieces and pictures","101"
"1180: Little People Farm","Storage location: Toddlers, Farm and Animals","44"
"1181: Bugs Building","Storage location: Games, 28 bugs, die and instruction sheet","59"
"1182: Charades","Storage location: Games, 34 red cards, 33 green and 33 blue cards","65"
"1183: Superman costume","Storage location: Water play, Superman costume and cape","55"
"1184: Teenage Mutant Ninja Turtles Costume","Storage location: Water play, Turtle Costume and 1Masks. Caot hanger and bag","76"
"1188: trampoline","Storage location: Big toys and ride-ons","39"
"1190: Calendar","Storage location: Preschoolers, Board with months, days, weather, clock","71"
"1191: Big Wheel Scooter","Storage location: Big toys and ride-ons","39"
"1192: Farm set","Storage location: Preschoolers, two tractors, 2 reaping machines, horse carriage. Farm parts","92"
"1193: hello Kitty Popup Game","Storage location: Games","23"
"1195: Fairy Pegasus and Unicorn","Storage location: Preschoolers, Unicorn, Flying horse and 2 riders","66"
"1196: Transporter Truck","Storage location: Preschoolers, Truck and 4 cars","48"
"1197: Stroller- front swivel wheel","Storage location: Preschoolers, ""Pink stroller 3 wheels,Fabric roof, Fabric middle and fabric base""","99"
"1199: Thomas Trains Set","Storage location: Preschoolers, ""Thomas and Cake acrgo,bertie bus,salty, coal car with coal, charlie, oil car""","110"
"119: Marble Slide","Storage location: Construction, Plastic pieces that can be put together in a variety of ways for marbles to run down. In container with a picture and parts list.","161"
"1203: Police Plane Pete","Storage location: Toddlers, plane, policeman and dog","52"
"1206: Fire engine Flynn-take n play","Storage location: Preschoolers, ""Sodor search and rescue center-fire truck, thomas engine,44 track pieces""","106"
"1207: Art Teacher Barbie","Storage location: Over Toddlers years, barbie, art station and art pieces","73"
"1208: Thomas Shark Exhibit- take n play","Storage location: Construction, Shark Exhibit, thomas train with carriage, shark, 44 track pieces","97"
"1209: Monsters Mask","Storage location: Water play, blue monster mask. Instruction sheet","66"
"120: Cruzee Gold Balance Bike","For children with height between 60 cm and 120 cm. Max weight 34 kg. Proper seat height should allow the child to sit on the bike with both feet flat on the ground with a slight bend in the child's knees.","206"
"1210: Teenage mutant ninja turtle","Storage location: Over Toddlers years, turtle, nunchuks, staff, throwing discs","78"
"1213: Red/Blue motorbike","Storage location: Big toys and ride-ons","39"
"1214: Dora Bath Doll","Storage location: Preschoolers, Dora and turtle","47"
"1215: Marios Pizza","Storage location: Preschoolers, Pizzeria, Oven 3 pizza, 2 men, motor bike","73"
"1216: Mike the Knight bath Toy","Storage location: Preschoolers, Pirate Boat, Mike, Captain Hook, Izzie Patch, treasure and telescope","100"
"1217: Butterfly Stacking Block Puzzle","Storage location: Jigsaws, 9 blocks and base with 3 rods","56"
"1218: Enigma Puzzle","Storage location: Jigsaws, Shape block puzzle","45"
"121: Cruzee Red Balance Bike","For children with height between 60 cm and 120 cm. Max weight 34 kg. Proper seat height should allow the child to sit on the bike with both feet flat on the ground with a slight bend in the child's knees.","206"
"1220: Pop to the shops","Storage location: Games, board, cards, characters, money dice, instructions","75"
"1221: Safari hide and seek","Storage location: Over Toddlers years, box and lid, 4 puzzle pieces. Puzzle and challenges game","95"
"1222: Exersaucer Jungle","Storage location: Babies, Blue/green exersaucer-music, lights. Hanging toys.","76"
"1224: Bus stop","Storage location: Games, Adding/subtracting game. Board, buses, people and dice.","80"
"1225: FORD car tool bench","Storage location: Preschoolers, tool bench, several tools and ramp","66"
"1226: Teddy bear cake tin","Storage location: Behind Issues, cake tin","41"
"1227: Car Cake tin","Storage location: Behind Issues, car tin","40"
"1228: Dolly Varden cake tin","Storage location: Behind Issues, cake tin, doll, middle pipe screw and bolt","75"
"1229: Letters cake tin","Storage location: Behind Issues, tin, 12 inserts, instructions","62"
"122: Ribbit-Tat-Tat Electronic Drums","Please don't lose the two drumsticks. Thanks.","45"
"1230: Crown Cake tin","Storage location: Behind Issues, cake tin and instructions","58"
"1231: Handbag cake tin","Storage location: Behind Issues, cake tin and instructions","58"
"1232: Wavy Tactile Path","Storage location: Preschoolers, 8 tactile floor pieces and bag and instruction sheet","84"
"1233: Wedgit Deluxe set","Storage location: Preschoolers","30"
"1235: Cozy Pumper","Storage location: Big toys and ride-ons, Petrol pump toy","56"
"1236: Floor Surfer","Storage location: Big toys and ride-ons","39"
"1237: scooter board","Storage location: Big toys and ride-ons","39"
"1238: Giant sand digger","Storage location: Big toys and ride-ons","39"
"1239: Boomwhacker Tubes","Storage location: Music, set of 8 musical tubes","47"
"1240: Rocking Bowl","Storage location: Big toys and ride-ons, green bowl","51"
"1241: green weplay roll","Storage location: Babies","24"
"1242: Magna Tiles","Storage location: Preschoolers, 32 magnetic tiles","49"
"1243: sit and spin","Storage location: Big toys and ride-ons","39"
"1244: whirlee","Storage location: Big toys and ride-ons, red ride on","52"
"1245: Table and chaiirs","Storage location: Big toys and ride-ons, table/4 chairs","55"
"1246: Tumblekins Fire Station","Storage location: Babies, fire station, egg person and fire truck","65"
"1249: Junior Labyrinth","Storage location: Preschoolers, magnetic  board with balls and wands","68"
"124: John Deere Farmyard Sorter","Shapes in bag behind the desk","29"
"1250: Bilibo","Storage location: Big toys and ride-ons","39"
"1251: Firetruck","Storage location: Toddlers, red firetruck","41"
"1252: first steps babywalker","Storage location: Babies, walker with music and buttons","55"
"1253: Wooden Vehciles","Storage location: Preschoolers, Two Cars","40"
"1255: Jungle Animal Dominoes","Storage location: Games","23"
"1256: Juggling","Storage location: Over Toddlers years, 3 balls, 3 Scarves and Book","66"
"1257: Disney Princess Memory Game","Storage location:","18"
"1258: Tell the time","Storage location: Games, 4 time boards, 24 picture cards","56"
"125: Fisher Price Taco Truck","Bag behind desk.","18"
"1260: Poppys Pony Adventure","Storage location: Preschoolers, Van, trailer, girl, horse","57"
"1261: 3rd Man rebound Net","Storage location: Big toys and ride-ons, Soccer rebound net","59"
"1262: Trampoline","Storage location: Big toys and ride-ons","39"
"1263: Ball Maze","Storage location: Preschoolers, Tubes, connector sticks, 6 balls 1 blue connector slightly cracked","99"
"1265: Crazy Fort","Storage location: Preschoolers, balls and sticks","48"
"1266: rebound net","Storage location: Big toys and ride-ons","39"
"1270: Klip Klop fisher price","Storage location: Preschoolers, Castle with horse ramps. 2 horses and food trough","81"
"1271: Woofer","Storage location: Music, guitar","31"
"1273: Fisher Price Car","Storage location: Babies, Infant musical car with extra balls and shapes","72"
"1275: Racetrack Chicco","Storage location: Preschoolers, race track with 2 controls and 2 cars","69"
"1277: Wooden puppet theatre","Storage location: Preschoolers","30"
"1278: Farm sounds block","Storage location: Jigsaws, two blocks and base","46"
"1282: Micki Pram","Storage location: Toddlers, ""red pram,baby doll with hat and blanket""","69"
"1283: Snap n style Doll","Storage location: Preschoolers, Doll and clothes","48"
"1287: Battleship","Storage location: Over Toddlers years, 2 battleship game cases, boats and pegs","78"
"1289: My little Pony Rainbow Helicopter","Storage location: Preschoolers, Two Ponies, Helicopter and accessories","70"
"1291: Buckaroo","Storage location: Games, Horse, base and pieces to put on","57"
"1292: Radio Flyer Roller Coaster","Storage location: Big toys and ride-ons, 3 part slide and car","61"
"1295: Road Carpet","Storage location: Preschoolers, carpet with roads on it","55"
"1296: Plus plus","Storage location: Construction, 200 pieces that join","52"
"1297: Super chef kitchen","Storage location: Big toys and ride-ons, kitchen and accessories","64"
"1298: leap pad xdi ultra","Storage location: Over Toddlers years, computer","47"
"1299: Blu Track","Storage location: Construction, track and 2cars and 4 stand","59"
"1301: Multi activity blocks box","Storage location: Preschoolers, Board, 2 mirrors,","49"
"1302: Bowling Monkeys","Storage location: Preschoolers, 6 Monkeys and 1 wooden ball","59"
"1303: Multi activity cube with wheels","Storage location: Babies","24"
"1304: Sandpit toys","Storage location: Preschoolers, 8 pieces","40"
"1305: Peg Board","Storage location: Toddlers, peg board","37"
"1306: reptangles","Storage location: Over Toddlers years, 24 reptangle turtles","59"
"1309: crocodile push and play","Storage location: Babies, crocodile you push the middle down and it goes along","78"
"130: Duplo Fire Station and rescue helicopter","Storage location: Construction, Large rectangular plastic container with duplo pieces","85"
"1310: activity triangle","Storage location: Babies, a triangular prism with activities on each side","73"
"1312: clock stacker","Storage location: Toddlers, wooden stacker with clock face and hands","68"
"1313: Kicking Giraffe","Storage location: Babies","24"
"1314: Playmobil suv and horse trailer","Storage location: Over Toddlers years, suv trailer horse rider and accessories","78"
"1315: dress up tree house","Storage location: Over Toddlers years, tree house with 4 dolls and dress ups","76"
"1316: tri bike","Storage location: , red and blue ride on","40"
"1317: Book Pack Bears","Storage location: , ""7 books:Wake up bear,letnulls go home little bear,cannullt you sleep little bear,night night cuddly bear,this is the bear,little bears trousers,bertie and the bear""","185"
"1318: Book Pack Trains and trucks","Storage location: , ""6 books:2 little trains,teddy bears take the train,duck in the truck,the do-it-yourself house that Jack built,The big concrete truck,oi! Get off our train""","176"
"1319: Book Pack trucks","Storage location: , ""6 books:,The little tracto,farm machines,the dump truck,little red tractor to the rescue,machine poems, up goes the sky scraper""","149"
"1320: Book Pack cats","Storage location: , ""6 books:when Marthanulls away,hairy maclarynulls show business,cloudy,my cat maisie,mog the forgetful cat""","127"
"1321: Book Pack Dinosaurs","Storage location: , ""6 books: Ten Terrible Dinosaurs,Our Mammoth,Dinosaur Bob,Lucy and the Sea Monster,Daniels Dinosaurs,Rangi and his Dinosaurs""","145"
"1322: Book Pack Bears2","Storage location: , ""6 Books:When the Teddy Bears Came,Jesse Bear What Will You Wear?,You and Me Little Bear,Well Done,Little Bear,Old Bear,Jolly Tall""","151"
"1323: Book Pack animals","Storage location: , ""Turtles Song,Albie,Owl Babies,The Mixed-Up Chameleon,Farmyard Hullabaloo,Giraffes Cant Dance""","114"
"1324: Book Pack Animals2","Storage location: , ""Find Me a Tiger,K is for Kissing a Cool Kangaroo,Rumble in the Jungle,The Smallest Turtle,When Sheep Cannot Sleep,That Pesky Rat""","150"
"1325: Book Pack Dogs","Storage location: , ""The Most Obedient Dog in the World,Daisy All-sorts,Puppy Love,Our Puppys Holiday,Scruff,Prince What-a-Mess""","128"
"1326: Book Pack Seaside","Storage location: , ""Mrs Armitage and the Big Wave,The Lighthouse Keepers Catastrophe,Mr Bear, Shipwrecked,Grandpa and Thomas,Gone Fishing,Little Turtle""","153"
"1327: spot it!","Storage location: Over Toddlers years, ""party card game for 2 - 8 players ages 5+, small round tin with 55 round cards and instructions""","136"
"1330: Wooden Transport Set","Storage location: Babies","24"
"1331: fire station set","Storage location: Preschoolers, ""fire station and furniture,fire engine,4 fire fighters and accessories""","104"
"1332: leap pad purple","Storage location: Over Toddlers years, leap pad with plug/ adapter","66"
"1334: Tiny Tot Driver","Storage location: Babies, steering wheel and dash board with songs etc","70"
"1335: Crazy colours torch","Storage location: Babies, ""yellow and red torch that can change colours talks and plays music.Takes 2 AAA batteries""","116"
"1336: Fire chief costume","Storage location: Water play, red with yellow stripes coat, red hat, fire extinguisher, mega phone, badge,","106"
"1337: balance bike, Blue, Eurotrike","Storage location: Big toys and ride-ons, ""blue metal frame balance bike with black handles and seat and wheels,suits 3 yrs + up to 25kg""","136"
"1338: ride-on tcv green","Storage location: Big toys and ride-ons, 2 wide wheels, green trim","66"
"1339: Tummy ache game","Storage location: Games, ""fun family gamje - try to make a meal you can eat. 4 place setting boards,20 food cards,10 tummy ache cards,1 instruction leaflet""","156"
"1340: Find It - Starry Night","Storage location: Preschoolers, find it with glow in the dark items, 27 playing cards and instruction leaflet","109"
"1341: Rainbow hand bells","Storage location: Music, 8 hand bells with song sheet","53"
"1342: 5 rabbit peg puzzle","Storage location: Jigsaws, 5 coloured rabbits in different sizes with easy to grip pegs","87"
"1343: 9 animal wooden peg puzzle","Storage location: Jigsaws, 9 different animals with easy grip pegs","66"
"1345: 3 diggers chunky puzzle","Storage location: Jigsaws, 3 diggers  chunky wood puzzle","56"
"1346: Flip n Tip Fred","Storage location: Preschoolers, wow toy garbage truck with 3 bins - paper, green waste and bottles, 2 people","108"
"1348: washing machine","Storage location: Big toys and ride-ons, wooden washing machine with basket and cloths","86"
"1349: craft kit","Storage location: Over Toddlers years, ""2 laminated instruction cards,1 owl stamp,1 butterfly stamp,4 other stamps,1 ink pod,	1 hole punc,h3 shape punches,1 paper stapler,1 pair of scissors handles,6 scissor blades""","215"
"1350: scramble play soft blocks","Storage location: Big toys and ride-ons, big soft play blocks","61"
"1352: push and go cheetah","Storage location: Babies, push down green turtle and yellow cheetah rolls forward","81"
"1353: leapfrog house","Storage location: Babies, ""plastic house with blue roof and red handle,lots of doors to open and things to press, lights and sounds""","132"
"1354: lamaze bug","Storage location: Babies, yellow suction cup stand up toy","57"
"1356: brainbox absolute electronics kit","Storage location: Over Toddlers years","37"
"1357: BrainBox car and boat kit","Storage location: Over Toddlers years","37"
"1358: Leap Frog Fridge Phonics","Storage location: Preschoolers, ""plays 2 songssays letter name and sound(S) and an example.  yellow bus to put letters into,26 letters""","135"
"137: Mighty Voyager Pirate Ship","Storage location: Preschoolers","30"
"138: CAT small sounds digger","Generously donated by Mitre 10. Thank you for your kindness.","60"
"1390: Sylvanian Families Tree House","Storage location: Over Toddlers years, ""Two Bunnies, Tree house and Accessories,no pink table""","94"
"140: Bullfrog Bullseye","Storage location: Games, Brown plastic log with 3 attached bullfrogs that move when bean bags are thrown at them, move backwards and forwards","141"
"141: PJ Masks Racecar Track","Kindly donated by Sonya and James Conner","40"
"142: Dolls bouncer","Kindly donated by Amber Sheppard. Thank you :)","46"
"147: Sorting Box","Storage location: Preschoolers, Wooden box with slots to post cards through, after matching them from a master card","115"
"148: Magic Man and Barrel Jack","Storage location: Babies, Plastic clowns on balls that roll along","65"
"14: Eddies Doctors Visit","Storage location: Preschoolers, Small blue doctornulls room with doors that open and beds comes with bag","104"
"154: Avoir Police Helmet","Size 47-50cms","13"
"156: Avoir Black/Yellow Helmet","Size 51-54cm","12"
"159: Looper & Friends","Storage location: Babies, Yellow and red caterpillar with 4 blocks that attach to its humps","91"
"160: Fisher Price Activity Play Table","Kindly donated by Claire Maday. Thank you.","43"
"163: Primo Stacknlearn","Storage location: Toddlers, Bag of variety of plastic duplo blocks","66"
"164: Finger Puppets & Theatre","Storage location: Preschoolers, Red and Blue puppet Theatre with 4 finger puppet that are in the back pockets of the theatre piece","130"
"166: Whale Teeter Totter","Storage location: Big toys and ride-ons, Blue coloured see saw","62"
"16: Wooden Building Blocks","Storage location: Construction, Blue rectangle plastic container with various blocks, comes with trolley 988","108"
"172: Maxi Brick Runner","Storage location: Construction, Plastic container with duplo pieces and picture","79"
"183: Suitcase Shape Sorter","Storage location: Babies, shape sorter with a handle to carry by, the holes for the shapes to go into are set into a cylinder that is revolved by a couple of handles on the sides of the sorter","192"
"189: Ladybird Dress Up","Storage location: Water play, Ladybird costume with attached wings","66"
"191: Peek A Boo Tunnel","Storage location: Big toys and ride-ons, Red tunnel with inserted toys in middle","80"
"202: Grande Coupe (green)","Storage location: Big toys and ride-ons, ""Large coupe, great for young children as they can go in the door and their feet touch the ground, has boot, doesnnullt fit in many cars when children are present""","204"
"205: Jungle Glove Puppets","Storage location: Preschoolers, Bag of puppets","46"
"207: Whats Inside Me Apron","Storage location: Water play, An apron with many assorted body parts, heart, intestines etc..","93"
"210: Fantasy Puppets","Storage location: Preschoolers, Bag with puppets","48"
"218: Cozy Coupe (red)","Storage location: Big toys and ride-ons, bubble car","51"
"229: Maze Balancing Board","Storage location: Over Toddlers years, Blue plastic balancing Board with two foot grips on either side, a ball can then be moved through the maze when you balance the board, includes bag","186"
"230: Parachute Game","Storage location: Games, One parachute, requiring 8 hands to hold all handles, CD and ball","90"
"233: Coloured Clown","Storage location: Toddlers, Wooden board with pegs, clown face top, legs and arm block pieces can be placed on top","114"
"235: Twist n Learn and Tweet n Twirl","Storage location: Babies, squeaky duck in the top of rattle stand and circular manipulative clicker toy","103"
"237: Vtech Pop & Drop Digger","Kindly donated by Seth and Adian Barker. Thank you :)","53"
"238: Farm Set","Storage location: Construction, Lovely duplo style set of animals, blocks, tractor and trailer, suitable for many ages","118"
"239: Doctors dress up","Storage location: Water play","28"
"23: Wooden Beads","Storage location: Preschoolers, Jar of wooden beads with laces for threading","76"
"240: F&P Western Fort","Storage location: Preschoolers","30"
"242: Tubular Bells","Storage location: Music, Long tubular bells on stand with beater","64"
"243: Tongue Drum","Storage location: Music, Wooden rectangular box with two beaters and bag","72"
"245: Honey Pot Fun Playset","Storage location: Toddlers, Small winnie the pooh featured honey pot shaped house with accessories in bag","105"
"248: Floaty Boat","Storage location: Toddlers","26"
"24: Carry Along Workshop","Storage location: Preschoolers, Large plastic square container with plastic tool kit inside, with bag","101"
"259: Cookie Monster Elbow & Knee Guards","Storage location: Preschoolers, 2 knee guards and 2 elbow guards with cookie monster on them.","93"
"25: Wooden Toaster","Storage location: Toddlers, Wooden toaster and 2 slices of toast","64"
"263: Magnetic Building Blocks","Storage location: Construction, Set of blocks, including vehicle that are magnetic in bag","89"
"269: Duplo Post Office","Storage location: Construction, Small yellow post office with assorted blocks in bag with picture","97"
"273: Shapeboard","Storage location: Toddlers, Shape board with 18 pieces to match, bag","68"
"278: Duplo Playhouse","Storage location: Construction, Grey base board out of box that has many duplo housepieces","90"
"281: Mini Spinning Wheel","Kindly donated by Layla Du-Percival. Thank you.","48"
"282: Mini Marble Run","Storage location: Construction","30"
"283: Vtech Musical Rhymes Book","Kindly donated by Layla Du-Percival. Thank you.","47"
"284: Playskool Hammer Bench","Kindly donated by Layla Du-Percival. Thank you.","47"
"285: Playskool Musical Tambourine","Kindly donated by Layla Du-Pervival. Thank you.","47"
"289: Find A Word","Storage location: Games, A boxed game to make words by joinging pieces","70"
"28: Shopping Cart & Groceries","Storage location: Big toys and ride-ons, Yellow shopping trolley with groceries in bag","86"
"291: Whats Next","Storage location: Games, Sequential game, players have to match the 3 pieces of each sequence","93"
"293: Duplo Service Station","Storage location: Construction, Large rectangle plastic box and duplo pieces","76"
"299: Buildn Snail Pail","Storage location: Toddlers, A plastic snail shaped shape sorter with 3 different types of shapes","96"
"29: Wooden Activity Tree","Many thanks to Lockie Zhou who kindly donated this toy.","56"
"2: Bouncy Castle","Hire is subject to CCTL Bouncy Castle Hire Terms and Conditions. A hire agreement form must be completed. These are the Dimensions:     3.65m (L)  - From the back to the front of the slide  2.65m (W)  2.15m (H)     Weight: 45 – 48kgs (rolled up).","259"
"301: DORA phone","Kindly donated by Amber Sheppard","32"
"303: Fisher Price Medical Set","Storage location: Preschoolers","30"
"307: Mike The Knight Dress Up","Kindly donated by Riley Sheppard.","34"
"309: mixed baby toys","Storage location: Babies, ""10 coloured cups, klackeroo (was 262),fisher price hammer (was 1351),fisherprice train (was 1110)""","125"
"30: Duplo - Dino World","Storage location: Construction, Large rectangular plastic container with duplo pieces","85"
"310: MOCKA Wooden Table and Chairs","Kindly donated by Amber, Ruby and Riley Sheppard.","50"
"312: Genius Puzzle","Storage location: Construction","30"
"316: RALPH THE DINOSAUR","Kindly donated by Craig Sumpter.","33"
"317: Slide","Storage location: Big toys and ride-ons, Blue and orange slide","62"
"321: Felt Kids Deep Sea Diving","Storage location: Preschoolers, Felt board with felt pieces in bag","66"
"322: Alligator See Saw","Storage location: Big toys and ride-ons, Long green seesaw","58"
"324: Felt Kids Beach Party","Storage location: Preschoolers, Felt board with felt pieces","59"
"326: Chase the Tail","Storage location: Games","23"
"327: Blue and red ride on","Kindly donated by Wendy Zhou. Thank you.","41"
"329: Lightening McQueen Laptop","Kindly donated by Riley Sheppard.","33"
"331: Purple Party Dress","Kindly donated by Amber Sheppard.","33"
"333: Bing the bunny","Kindly donated by Deacon Gardyne","32"
"334: Arctic Play Set","Thank you to Sarah for purchasing this toy.","44"
"337: Quatro Blocks","Storage location: Construction, XL box of quatro blocks 8x the size of duplo for ages 1-3","89"
"338: Shop and Learn Cash Register","Extra pieces behind desk. Very important pieces please do not lose. Thank you.","78"
"33: Music Set","Storage location: Music, ""drum, 2 sticks,caterpiller, rain maker, triangle and stick""","85"
"347: FISHER PRICE RIDE ON DIGGER","Kindly donated by Riley Sheppard.","34"
"348: BABYBOUNCE Bouncer","Kindly donated by Sarah Gardyne. Thank you.","44"
"349: Little People jungle mat with animals","The animals all have an alphabet letter","39"
"353: Western Play Fort","Storage location: Construction, A Western Play Fort complete with indians cowbows horses waggons and cannons","108"
"357: BIG DUMP TRUCK FLOOR PUZZLE","Kindly donated by Eddie Jenkins. Thank you.","43"
"358: Construction puzzle 2in1","Kindly donated by Eddie Jenkins.Thank you.","42"
"366: Rainbow Musical Walker","Kindly donated by Lockie Dong. Thank you very much :)","54"
"367: Walking ROCKY (Paw Patrol)","Kindly donated by the Maday family. Thanks very much :)","55"
"369: Buzz About Mailbox","Storage location: Toddlers","26"
"36: Violet Puppy with High Chair & Accessories","Storage location: Big toys and ride-ons, White and pink plastic highchair and bag of accessories","96"
"372: DINOSAURS","Kindly donated by Riley Sheppard. Thank you :)","46"
"381: Animal Baby Lotto","Storage location: Games","23"
"383: Bosch Tools & Drill Case","Storage location: Preschoolers, Tools and case with tool belt","61"
"389: Elbow, Knee and Wrist Pads","Storage location: Behind Issues, Hired free with any scooter","60"
"393: Riley the T-rex","Kindly donated by Riley Sheppard.","34"
"395: Family Van","Storage location: Toddlers, Purple an with Mum, baby, pram and groceries with bag, requires batteries","101"
"396: Puzzle Blocks","Storage location: Toddlers","26"
"398: Cookie Monster Pots and Pans","Storage location: Babies, Cookie Monster bath toy that has 3 utensils attached, pour water into his head and his eyes will roll around, bag","139"
"399: Poppity Pop Elephant","Storage location: Toddlers, Pull along blue Elephant with 4 peek nullanull boo blocks to put in him","99"
"406: Felt Creations-Castle","Storage location: Preschoolers","30"
"40: Play Slide","Storage location: Big toys and ride-ons, Orange and blue slide","62"
"411: Pink wooden babies cradle","Kindly donated by Amber and Ruby Sheppard :)","44"
"413: Peekaboo blocks","Storage location: Babies, 6 peekaboo blocks in bag, 6 balls","59"
"414: My Little Pony","Kindly donated by Amber Sheppard :)","36"
"415: Electronic cash register","Storage location: Preschoolers, cash register with solar powered calculator and credit card.","92"
"416: Magnetic Farm Board","Storage location: Preschoolers, Magnetic Farm Board with magnetic pieces for story creation","91"
"418: Bob the Builders Playdough Activity Belt","Storage location: Preschoolers, Playdough accessory set in Bob the Builder theme.  Comes as tools on a tool belt.","113"
"420: Train Track Village","Storage location: Construction, ""Train track, also has buildings for a village, does fit with Thomas tracks, spare parts in the box++""","134"
"423: Dinoland Felt Montage","Storage location: Preschoolers, A felt montage depicting prehistoric times, with and assortment of Dinosaurs and Palentolic plants","130"
"424: Binoculars","Storage location: Preschoolers, Telescope, Binoculars and Two Way Microscope","76"
"425: Police Officer -Dress up","Storage location: Water play, ""One piece outfit with:cap with badge, shirt/pants with attached patches, duty belt with radio,baton,and handcuffs,  and ID wallet.""","162"
"430: Walk like a chicken","Kindly gifted to the library from The Toy Library Federation of New Zealand. Thank you :)","89"
"432: Little Tikes Green/Yellow Coup","Kindly donated :)","18"
"441: Number Bugs","Storage location: Games, 4 nullBugsnull that each have a top and base with pegs that correspond to number of holes on top bug piece, in box","139"
"442: Musical Instruments","Storage location: Music, Six musical instruments in box with beaters","68"
"443: Tower Slope","Storage location: Preschoolers, Wooden orange, green and yelow donward sloping track with vehicles to go down in separate but attached bag, tall","144"
"444: Wooden Tool Box","Storage location: Preschoolers, Wooden Tool Box with hammer, spanner etc.","73"
"452: Car Shape Sorter","Storage location: Toddlers, Red car shape sorter with shapes","60"
"455: Dinosaurs","Storage location: Preschoolers, 6 Dinosaurs and book","52"
"457: Dolls Pram (red)","Storage location: Preschoolers, Red pram with parcel tray, nappy bag, carrycot and canopy","89"
"462: Noahs Ark","Storage location: Preschoolers, Wooden Noahnulls Ark with removable roof and animals in bag","91"
"463: Wooden Castle","Storage location: Preschoolers, Large wooden castle in fabric bag with drawstring bag of four figurines attached","112"
"465: Toddler Play book","Storage location: Parenting Books, A comprehensive guide to activities for under 2 1/2 year olds.","97"
"467: Lego Tech Machines","Storage location: Construction","30"
"471: Loving Family Doll House (Mum and babies)","Storage location: Preschoolers, Large pink dolls house in box with a bag of accessories","87"
"472: Lego - Intelligent Train Set Deluxe","Storage location: Construction, Train set with components that can be placed anywhere throughout the set to enable the train to do different things ie: stop, beep, turn around, and fill up with petrol.  The two drivers alter what some of these functions do.  The track can have a variety of configurations and there is a crane, petrol filling station, car and crossing, office.","377"
"477: Chicco Table","Storage location: Toddlers, Table with removable legs and top with extra blocks and a removable keyboard","104"
"47: Big Strike Bowling Set","Storage location: Games, One base board with 6 pins, 1 bowling ball","67"
"480: Rocking Pony","Storage location: Big toys and ride-ons","39"
"488: Apple and Cheese Threaders","Storage location: Toddlers, wooden apple and wedge of cheese with worms made of cord, a ball and a needle shape that is threaded thru the apple or cheese.","154"
"490: Duplo - Airport Set","Storage location: Construction, set containing a passenger aeroplane, assorted figures and a couple of vehicles and blocks to make things from an airport.","154"
"491: Potato Head Family Bucket","Storage location: Preschoolers, 2 big and 1 small potato heads with over 30 parts to change around","98"
"492: Tolo Activity Centre","Storage location: Babies, triangular shaped activity centre with suction cups that may be attached to a highchair.  Has things that move on 1 side and shapes on the other.","171"
"493: Baby Band","Storage location: Music, set of musical instruments; rainmaker, bell rattle, bead rattle and cymbal shaker inside a clear plastic zip up bag.","141"
"497: Fairy Kingdom Playset","Storage location: Preschoolers, Fisher Price Little People  set of castle, king, queen, horse x2 and Sir Lance-a-Little and a dragon.","133"
"498: Musical Animal Tractor","Don't lose the animals!","23"
"499: Play, Laugh & Learn Book","Storage location: Parenting Books, a stand up activity book that follows the seasons for activities.","100"
"500: Wooden Double Decker London Bus","Don't lose the people","21"
"501: Castle Adventure","Storage location: Preschoolers, 3 piece castle with dragon and fantasy figures, and cannon, crossbow, treasure chest etc.","121"
"502: Pop Onz - Build and Go Village","Storage location: Construction, a green case with knobs on the outside that holds a variety of building pieces and 2 figures that can create different buildings","160"
"503: Little Tikes Activity Table","Storage location: Toddlers","26"
"506: Katie Camper and Friends","Storage location: Toddlers, a camper van with 2 people and a dog with a variety of accessories that are used when camping","121"
"507: Mrs Brambles School","Storage location: Preschoolers, a school with Mrs Bramble and 2 children with school accessories.","97"
"508: Hullabaloo","Storage location: Games, a game for all the family","50"
"509: Puzzle","Storage location - Jigsaws","26"
"50: Touch n Learn Cot Toy","Storage location: Babies, Yellow board with blocks to put on, suitable for babies","81"
"510: Duplo Farm Set","Storage location: Construction, Farmyard with house, motorbike, tractor/trailer and BBq.","88"
"511: Lil Boating Fun","Storage location: Preschoolers","30"
"516: Water Park Playset","Storage location: Water play","28"
"520: Under Sea Creatures","Storage location: Preschoolers","30"
"533: 50 Easy Party Cakes (Book)","Storage location: Parenting Books","33"
"538: Ultrasaucer","Storage location: Big toys and ride-ons","39"
"53: Duplo Zoo Park","Storage location: Construction, Large rectangle plastic box with duplo pieces","77"
"540: Dinosaur Costume","Storage location: Water play","28"
"545: Lap Harp","Storage location: Music, wooden lap harp","40"
"547: Tappy Turtle","Storage location: Toddlers","26"
"550: Activity Climber","Storage location: Big toys and ride-ons","39"
"553: Black and Decker Electronic Workbench","Storage location: Preschoolers, Work bench.","43"
"554: Fisher Price Learning Home","Storage location: Preschoolers","30"
"555: Appleyard Riding Stable","Storage location: Over Toddlers years","37"
"557: Big Jake Tractor and Trailer","Storage location: Big toys and ride-ons","39"
"561: Wildlife Park","Storage location: Preschoolers","30"
"562: Time to Learn Preschool","Storage location: Preschoolers","30"
"564: Cube Building Blocks","Storage location: Construction, wooden blocks cut in a variety of shapes that can be put together to create a pyramid or other structures.","138"
"565: Zimbbos!","Storage location: Games, Game of balancing elephants and other circus characters. Wooden.","89"
"566: Thomas and James Duplo Train Set","Storage location: Construction","30"
"56: Scales & Bears","Storage location: Toddlers, Blue containers, clear scales and bears in bag","74"
"571: Twirlin Whirlin Turtle","Storage location: Toddlers","26"
"575: Rocking Ark with Animal Blocks","Storage location: Toddlers","26"
"577: Mr Pirate Potato Head","Storage location: Preschoolers, a giant potato head container with 2lg and 2 sm potatonulls inside with accessories to dress upas things asociated with the sea.","160"
"578: Safari Park (wooden train)","Storage location: Toddlers","26"
"583: Silly Sentences","Storage location: Games","23"
"584: Wooden Medieval Castle","Storage location: Preschoolers","30"
"585: Little People - Animal Train","Storage location: Toddlers","26"
"586: Ball Stacker","Storage location: Toddlers, Stand with","38"
"594: Little People - Railway","Storage location: Preschoolers","30"
"597: Little People - Dollhouse","Storage location: Preschoolers, fold-out dollhouse with mum, dad and Baby and a bed, hightchair, dining suite, pushchair etc.  Several parts of the house make sounds when used ie: when the toilet seat is lifted flushing sounds.","227"
"598: Dinosaurs II","Storage location: Preschoolers, collection of 7 dinosaurs","57"
"599: Uno Cards","Storage location: Games, box of basic games for children; dominoes, knucklebones, snap","86"
"600: Little People - Playground","Storage location: Toddlers","26"
"603: Little People - DumpTruck","Storage location: Toddlers Bag behind desk","43"
"605: Tonka - Firehouse","Storage location: Preschoolers","30"
"606: Tigger Binoculars","Storage location: Toddlers","26"
"608: Junior Activity Park","Storage location: Big toys and ride-ons","39"
"60: Daisy Flowers","Storage location: Construction, Container with daisies that link together to make chains and other structures based on hexagon shape.","133"
"610: Leaping Lizards","Storage location: Games","23"
"611: Discover Sounds - Stackin Pans","Storage location: baby Requires 3x AA batteries","48"
"614: Junior Boules","Storage location: Preschoolers","30"
"618: Baby Grand Piano","Storage location: Toddlers, piano for 9 - 36 months,","52"
"61: Ring Around Bead Frame","Storage location: Toddlers, Circular base with bead wire on top","63"
"620: Thomas Bead Frame","Storage location: Toddlers","26"
"621: Post Office Play Set","Storage location: Over Toddlers years","37"
"623: Junior Pictionary","Storage location: Games","23"
"625: Beauty Salon","Storage location: Big toys and ride-ons","39"
"627: Pretend toy - Cris","Pretending toy to show Cristina","31"
"628: Thomas - Quarry Mine Tunnel Set","Storage location: Construction","30"
"629: Enchanted Fairy Castle","Storage location: Preschoolers","30"
"62: Sandpit Front End Loader","Storage location: Toddlers, Blue  (yellow !?) Loader","52"
"630: Wrecking Rig","Storage location: Construction","30"
"631: Tea Set","Storage location: Preschoolers","30"
"632: Pretend toy (2) - Cris","This is a new pretending toy Cris is using to test","50"
"633: Sarah Lynns Camping Adventure","Storage location: Preschoolers","30"
"634: Wooden blocks w/ yellow shape sorting lid","Wooden blocks with yellow shape sorting lid.","46"
"636: Connetrix","Storage location: Over Toddlers years, construction toy using nuts and bolts and screws to hold pieces together.","112"
"637: Ollies Outdoor Pursuits","Storage location: Preschoolers, car with trailer with bikes on and other outdoor sporting equipment and three people","116"
"638: Marys Medical Rescue","Storage location: Preschoolers","30"
"639: VTech Go! Go! Smart Wheels Save the Day Fire Station","Three Hot wheels track sets that were joint as per follows: #1- 323 + 203 #2- 177 + 123 #3- No numbered pieces are all one set ============================== Number of pieces for each small set:  #323 = 1 big set + 4 loose pieces + 2 cars  #203 = 1 car + 22 loose pieces  #177 = 1 big set +2 cars + 4 loose pieces (road tracks: 1 yellow, one blue and one purple) + a blue & green piece that goes with the yellow road piece.  #123 = 28 pieces No numbered pieces set = 2 big sets + 7 cars + 19 loose pieces  I've marked all the pieces I am considering as loose in the pics attached.","596"
"63: race car transporter","Storage location: Preschoolers, black race car on black transporter truck  - little tikes","89"
"640: Wooden Fire Station set","Pieces:  3 small cars + 1 big fire truck, Fire station, 1 bell, 1 truck ladder, 1 roof top lid","96"
"642: Harry Copters Animal Rescue","Storage location: Toddlers","26"
"643: Thomas & Friends Playset","- 1Book - Trouble on the Track - 3 small plastic trains - 5 paper trains with paper base  THE TRAIN SET - 3 green pieces - 5 working battery trains - 4 wagons  - 1 train station - 23 tracks","200"
"644: Duplo Fire station & Rescue Helicopter","Toy ID: 130  1 Station building 1 spare door 2 spare windows 1 Roof section 6 Vehicle parts 1 Motorcycle 1 Cab 5 Fireman 6 Black n grey cord tools 1 Black hook 1 Ladder 1 Clock 1 Dog 6 Fences 4 Chairs 2 Red Semi circle 15 Blocks 1 brown rounded block 1 yellow rounded block 1 helicopter body 1 helicopter black skids 1 white stretcher 1 car blue light 1 large black rotor blades   This can be joint with the toy 1011, which has the following pieces:  - 1 blue & yellow block - 16 blue blocks - 5 ""dolls"" - 7 grey blocks - 1 grey block with door - 3 vehicles  - 1 helicopter - 1 red motorcycle - 3 red square with door - 1 red square with window - 2 red squares without windows - 2 red blocks with white door - 23 red pieces and blocks - 1 red flower - 1 pink flower - 1 green flower - 1 yellow clear plastic (wind breaker) - 7 yellow blocks - 1 yellow block with a grey piece - 13 white blocks - 9 other spare pieces - 1 cat - 11 black pieces - 6 orange blocks - 17 yellow fences","1033"
"645: Tap Tap Animals","Storage location: Preschoolers","30"
"646: Blue Ice Dragon","Working toy with new battery","28"
"647: White Picnic Basket","- 4 forks (yellow, pink, green & blue) - 4 spoons (yellow, pink, green & blue) - 4 knives (yellow, pink, green & blue) - 4 cups (yellow, pink, green & blue) - 4 plates (yellow, pink, green & blue) - 1 white picnic bag","222"
"648: PJ Masks Headquarters","- 1 Big lab - 1 blue vehicle - 1 grey round vehicle base - 3 people - 2 green bullets - 1 blue rubbish bin - 2 instruction manuals","136"
"649: CAT Junior Operator Combo Hauler","Set with 3 vehicles","19"
"650: Ironing Board and Iron","Storage location: Preschoolers","30"
"651: Michelangelo ninja turtle","Michelangelo ninja turtle, working with battery","47"
"652: Blocks train set","231 + 232 sets  Set 1: - 26 grey tracks - 2 grey blocks - 4 black pieces - 1 helicopter - 1 train with 2 wagons - 7 yellow pieces - 2 people - 4 blue pieces - 1 clock - 1 gasoline container - 2 red blocks - 1 red piece with white window - 5 green pieces - 2 breads (glued together) - 1 brown round block  Set 2 - 6 light blue pieces - 1 grey block -  - 6 dark blue pieces - 34 grey tracks - 8 red pieces - 2 black pieces - 3 green pieces - 2 breads (glued together) - 4 white pieces (1 is a bird) - 5 brown pieces - 1 blue truck - 1 orange truck with 1 wagon - 5 yellow pieces - 1 yellow block with a white element attached","659"
"653: Bounce and Spin Zebra","Storage location: Toddlers","26"
"654: Paper FX Weaver","Storage location: Over Toddlers years","37"
"655: Big Red Car","Storage location: Big toys and ride-ons","39"
"656: Ninja turtle puzzle & board game","Board game: - 6 blue small circle pieces - 6 purple small circle pieces - 6 yellow small circle pieces - 6 red small circle pieces - 6 green small circle pieces - 4 big circle pieces - 1 medium circle piece - 2 dices - 4 ninja turtle action figures  Puzzle - Missing 1 piece","286"
"657: Donatello ninja turtle","Donatello with 2 sticks and 2 round weapons.","44"
"660: Electronic Barbeque","Storage location: Preschoolers","30"
"661: Jumbo Magnetics","Storage location: Construction","30"
"663: Klikko Supreme","Storage location: Construction","30"
"665: Explore and Learn Mat","Storage location: Babies","24"
"673: Black Motorbike","Storage location: Big toys and ride-ons","39"
"684: Brainy Buds","Complete set for baby early development","39"
"685: Create a Car","Storage location: Construction","30"
"687: Brainbox Radio Kit","Selectable FM radio electronic kit for kids over 5 years old","60"
"688: ThomasTrain Set","Storage location: Construction","30"
"689: Adventure Tent Set with Crawl Tunnel","Consist of two interconnected tent with crawling tunnel","55"
"68: Princess Mystery Box","Kindly donated by Amber and Ruby Sheppard :)","44"
"690: Learning Piggy Bank","Storage location: babies","24"
"693: Popn Surprise Train","Storage location: Toddlers","26"
"696: Imaginext - Jungle","Storage location: Preschoolers","30"
"697: Alphabet Lotto","Storage location: Numeracy, Literacy and Science","48"
"698: Numbers and Counting Dominoes","Storage location: Games","23"
"699: ABC Match and Learn","Storage location: Games","23"
"700: Princess Elise - Magnetic Dressing Doll","Storage location: Preschoolers","30"
"701: Nina Ballerina - Magnetic Dressing Doll","Storage location: Preschoolers","30"
"702: Lacing Bear","Storage location: Preschoolers","30"
"703: Birthday Cake","Storage location: Preschoolers","30"
"705: Fairytale Palace","Storage location: Preschoolers","30"
"707: Hammer Balls","Storage location: Toddlers","26"
"708: Space Headquarters","Storage location: Preschoolers","30"
"714: Pound the Ball","Storage location: Toddlers","26"
"715: Number Cakes","Storage location: Toddlers","26"
"717: Wooden Pirate Ship","Storage location: Preschoolers","30"
"720: BIG plastic Kitchen","Storage location: Big toys and ride-ons","39"
"721: Add your Bears","Storage location: Games","23"
"723: Threading Tree","Storage location: Preschoolers","30"
"724: CAT Tipping Dump Ride-on","Storage location: Big toys and ride-ons","39"
"728: Junior Monopoly","Storage location: Games","23"
"72: Mobilio","Storage location: Construction, Rectangle container with assorted plastic square and rectangluar shapes that join together with red clips etc.. Picture booklet also","164"
"731: Attribute Block Set (wooden)","Storage location: Toddlers","26"
"732: Rescue Hero Avalanche","Storage location: Preschoolers","30"
"734: PollyPocket Mansion","Storage location: Over Toddlers years","37"
"735: PollyPocket Plane","Storage location: Over Toddlers years","37"
"740: Toolkit","Storage location: Toddlers","26"
"741: Camping Set","Storage location: Preschoolers","30"
"742: Motorbike Hauler","Storage location: Preschoolers","30"
"743: Minitrac Cat Tipping Dumptruck 2","Storage location: Big toys and ride-ons","39"
"74: Jolly Jumper","Storage location: Babies, Jolly jumper with red coloured bag","60"
"750: Knights Costume","Storage location: Water play","28"
"752: Tupperware Shape Sorter","Storage location: Toddlers, 9 shapes. 1 triangle shape missing","62"
"753: Little Helpers Kitchen and accessories","Storage location: Big toys and ride-ons","39"
"756: North Pole Camoflage","Storage location: Over Toddlers years","37"
"757: Wild Animal Theme Box","Storage location: Preschoolers","30"
"75: Duplo- Arctic Set","Storage location: Construction, Large plastic container with duplo piecs","72"
"761: Ride 2 Roll Scooter 2","Storage location: Big toys and ride-ons","39"
"765: 2n1 Dump Truck","Storage location: Preschoolers","30"
"766: Road & Rail Set","Storage location: Preschoolers","30"
"767: Farm Theme Box","Storage location: Preschoolers, Farm house, tractor, animals","60"
"768: Harvey Harvester","Storage location: Toddlers","26"
"76: All Terrain Vehicle","Storage location: Big toys and ride-ons, Red quad bike ride on","62"
"772: Tonka Rumblin Rollin Crane","Storage location: Toddlers","26"
"774: Dr Suess - 1 fish, 2 fish Card Game","Storage location: Games, 42 Cards, 1 Instruction card","53"
"775: Chutes and Ladders","Storage location: Games","23"
"777: Table and chairs","Storage location: Big toys and ride-ons, 4 chairs and 1 tables","62"
"778: trampoline 3","Storage location: Big toys and ride-ons","39"
"780: Animal Cottage","Storage location: Toddlers, Animal cottage with animals and shapes with keys to unlock doors","92"
"781: Shopping Trolley 2","Storage location: Big toys and ride-ons, ""appleorangelemonbananafishice cream boxanimal crackers box""","101"
"783: Magnet Attraction","Storage location: Over Toddlers years","37"
"784: Lego Jet Fuel Truck","Storage location: Preschoolers","30"
"785: Car Set 1","Storage location: Behind Issues, 5 Tonka cars to go with 1 garage","65"
"787: My Little Pony Fashion Fun","Storage location: Preschoolers","30"
"78: Turtle Recall Game","Storage location: Games, Excellent game for young childern learning to recognise numbers, matching numbers under turtle with number on cards","140"
"793: Stainless Steel Cookset","Storage location: Toddlers, Alex brand","38"
"794: Busy Park","Storage location: Babies, Kidsmart brand","40"
"795: Transport Pathfinder","Storage location: Toddlers","26"
"797: Tolo Play Set","Storage location: Toddlers, ""Added 609 Tolo first friends scooter into this set with scooter, girl and dog. 7 Road Signs""","121"
"798: Little Tikes Workshop","Storage location: Big toys and ride-ons","39"
"800: Fisher-Price Picnic Basket","Storage location: Preschoolers","30"
"803: Connect Four","Storage location: Games","23"
"808: Road Signs","Storage location: Big toys and ride-ons","39"
"810: 2 wheel scooter","Storage location: Big toys and ride-ons","39"
"816: Fisher-Price Flower Doll","Storage location: Toddlers","26"
"817: Walker Pram (without doll)","Storage location: Babies","24"
"818: Viking Fire Truck","Storage location: Toddlers","26"
"819: Fisher-Price Airplane","Storage location: Toddlers","26"
"829: Fantasy World Block Puzzle","Storage location: Jigsaws","25"
"833: Sonya Lee and Her Pet Salon","Storage location: Toddlers","26"
"834: Rush Hour Junior","Storage location: Games","23"
"836: Party Party Party Game","Storage location: Over Toddlers years","37"
"837: Sharon the Sheep","Storage location: Games","23"
"838: CooCoo the Rocking Clown","Storage location: Games","23"
"839: What a Performance","Storage location: Games","23"
"842: Wooden Drum","Storage location: Music","23"
"844: Magnetico","Storage location: Construction","30"
"845: Wooden Town Set","Storage location: Preschoolers","30"
"847: Pink Bead Frame","Storage location: Babies","24"
"849: Mixed Baby Toys #2","Storage location: Babies, Rattling wooden dog, , lights and sounds butterfly (was 1308), wobbly pop-up (was 1307), elmo phone (was 1039), rolling ducks (was 788)","161"
"850: Polar Bear Ball Slide","Storage location: Babies","24"
"856: Caraboo Island","Storage location: Games","23"
"857: Candy Land Game","Storage location: Games","23"
"858: Silver Cricket Set","Storage location: Preschoolers, Set with bat, ball, launcher, leg pads and gloves","81"
"863: Fold n Go Garage","Storage location: Toddlers","26"
"867: Shapes Board","Storage location: Jigsaws","25"
"86: Baking Set","Storage location: Preschoolers, Blue plastic tray with scales and other accessories for baking","94"
"870: Baby doll with clothes","Storage location: Toddlers, doll 2 nappies, 2 dresses, 1 skirt","62"
"871: Pop up Turtle","Storage location: Babies","24"
"874: Mike the Mower","Storage location: Toddlers","26"
"875: Little People Ambulance","Storage location: Toddlers","26"
"876: Medical Set","Storage location: Preschoolers, medical set snd doctors outfit","62"
"878: Blocksters Block Spot","Storage location: baby","22"
"879: Clipo Hippo","Storage location: Toddlers","26"
"880: Beetle Game","Storage location: Games","23"
"881: Duplo Numbers Set","Storage location: Construction","30"
"882: Thomas Race Set","Storage location: Construction","30"
"883: Jungle of Fun","Storage location: Babies","24"
"884: Green Triang Trike","Storage location: Big toys and ride-ons","39"
"885: Red Tandum Bike","Storage location: Big toys and ride-ons","39"
"889: Felt Creations - Construction","Storage location: Preschoolers","30"
"891: My Little Pony Room","Storage location: Preschoolers","30"
"893: Little People Builders","Storage location: Construction","30"
"903: Baby Dress Up","Storage location: Preschoolers","30"
"904: Pop Up Pirate","Storage location: Games","23"
"906: Plasma Car","Storage location: Big toys and ride-ons","39"
"908: Castle Logix","Storage location: Games","23"
"909: Wooden Parking Lot","Storage location: Preschoolers","30"
"910: Thomas - Rock and Roll Quarry Set","Storage location: Preschoolers","30"
"911: Find It - At the Beach","Storage location: Games","23"
"912: Spiderman - Hide and Seek","Storage location: Games, Spot the difference Game","49"
"913: Name That Country - Geography Game","Storage location: Over Toddlers years","37"
"916: GeoSafari - Talking Microscope","Storage location: Over Toddlers years","37"
"917: Toadstool House Playset","Storage location: Preschoolers","30"
"919: Switchback Racetrack","Storage location: Preschoolers","30"
"920: Little People Fairy Treehouse","Storage location: Preschoolers","30"
"922: Pirates Costume","Storage location: Water play","28"
"923: Pictureka","Storage location: Games","23"
"924: Little People Stand n Play Ramp","Storage location: Preschoolers","30"
"93: JUNGLE BABY MAT","Kindly donated by Ethan McCabe. Thank you Ethan.","50"
"984: fold up Slide","Storage location: Big toys and ride-ons","39"
"985: Magnetic Fishing Game","Storage location: Toddlers","26"
"986: Memory Game","Storage location: Games","23"
"987: Aqualand","Storage location: Toddlers","26"
"988: Wooden Trolley","Storage location: Big toys and ride-ons, comes with Blue rectangle plastic container with various blocks #16","108"
"989: Wooden MailBox","Storage location: Toddlers, ""1 x Red Mail Box, 1 x Happy Birthday Card,1 x Happy New Year Card,1 x Birthday Cake,1 x Present,1 x Yellow Triangle,1 x Blue Block,1 x Square Natural Block,1 x Halloween Pumpkin Card""","212"
"999: Twister Hopscotch","Storage location: Games","23"
"J108: Months and Seasons","Storage location: Jigsaws, Wooden Frame","39"
"J114: Funny Frogs","Storage location: Jigsaws, Wooden sequential","44"
"J1151: Barbie  Spring Thing Puzzle","Storage location: Jigsaws, 108 Piece Barbie Puzzle","50"
"J116: Spider textured","Storage location: Jigsaws, Raised spider","40"
"J1189: Lacing Puzzle","Storage location: Games, 3 shoes and laces","42"
"J126: Tactile Match Ups","Storage location: Jigsaws, Plastic board with plastic pieces with different textures","84"
"J12: Maori Numbers 1-5","Storage location: Jigsaws, Wooden frame","39"
"J130: Composed Matching Board","Storage location: Jigsaws, Matching board 18 pieces on board, wooden","68"
"J131: Girl Getting Dressed #1","Storage location: Jigsaws, Wooden sequential","44"
"J132: Girl Getting Dressed #2","Storage location: Jigsaws, Wooden sequential","44"
"J135: Inside Story Market Stall","Storage location: Jigsaws, Wooden","33"
"J136: Flight Puzzle","Storage location: Jigsaws, Wooden raised","40"
"J142: Life Cycle of a Frog","Storage location: Jigsaws, Raised pices showing pictures und each piece","71"
"J144: Papu Hau Fraction Board","Storage location: Jigsaws, Wooden puzzle teaching fractions","59"
"J146: World Map Jigsaw","Storage location: Jigsaws, Boxed cardboard floor puzzle","55"
"J147: Dinosaur Discovery","Storage location: Jigsaws, Boxed cardboard puzzle","49"
"J157: Ocean floor puzzle","Storage location: Jigsaws, cross section of the ocean, very large pieces 42, with 7 fish shapes as well.","104"
"J159: My Ships Floor Puzzle","Storage location: Jigsaws, 64 piece floor puzzle showing a variety of ships/boats","81"
"J162: Dress up - Lion and Tiger Puzzle","Storage location: Jigsaws","25"
"J163: 1-2-3 puzzle","Storage location: Jigsaws, ""1 sun,2 clouds,3 stars""","51"
"J171: Backyard Bugs Floor Puzzle","Storage location: Jigsaws, 48 large heavy card puzzle, with identification sheet.","81"
"J179: Alphabet Road Puzzle","Storage location: Jigsaws","25"
"J180: Train Tray Puzzle","Storage location: Jigsaws, 6 pieces + board","43"
"J188: In the Countryside Floor Puzzle","Storage location: Jigsaws, Beatrix Potter, 24 pieces","52"
"J189: Silly Silly Sea 2-sided Floor Puzzle","Storage location: Jigsaws, 46 pieces","36"
"J191: Country/Town Mouse Puzzle (70 piece)","Storage location: Jigsaws","25"
"J192: Tough Truck Floor Puzzle (50)","Storage location: Jigsaws","25"
"J193: Giant Digger (30)","Storage location: Jigsaws","25"
"J195: Gingerbread House (35)","Storage location: Jigsaws","25"
"J196: Supermarket","Storage location: Jigsaws","25"
"J198: Seashore (150)","Storage location: Jigsaws","25"
"J199: Emergency Double-sided Puzzle (46)","Storage location: Jigsaws","25"
"J202: Machines (3x 3pce)","Storage location: Jigsaws","25"
"J205: Endangered species","Storage location: Jigsaws","25"
"J207: Map of the Solar System (104)","Storage location: Jigsaws","25"
"J212: World Atlas","Storage location: Jigsaws, wooden puzzle","40"
"J218: Shaped Pirate Puzzle","Storage location: Jigsaws","25"
"J219: Find the Rhyme (50)","Storage location: Jigsaws","25"
"J222: World of Flags (140)","Storage location: Jigsaws","25"
"J227: Wooden New Zealand Map","Storage location: Jigsaws","25"
"J229: Geometric Shape Puzzle","Storage location: Jigsaws, 15 pieces + board + bag","50"
"J22: Alligator Puzzle","Storage location: Jigsaws, Wooden Puzzle of an alligator","56"
"J233: train puzzle","Storage location: Jigsaws, Stand up puzzle","42"
"J234: Wooden Transportation Puzzle","Storage location: Jigsaws","25"
"J236: Body Layers Girl","Storage location: Jigsaws","25"
"J237: Animal Worlds","Storage location: Jigsaws, Brand Learning Journey","49"
"J241: Wooden Shapes","Storage location: Jigsaws","25"
"J242: Wooden Number Puzzle","Storage location: Jigsaws","25"
"J244: Fishing Rod Puzzle","Storage location: Jigsaws, ""Centre jigsaw with magnet fish around the outside and a fishing rodWooden""","102"
"J247: Giraffe 123 and ABC","Storage location: Jigsaws","25"
"J251: Number Puzzles","Storage location: Jigsaws","25"
"J252: Big Wheels Puzzle","Storage location: Jigsaws, 32 pieces","36"
"J254: Rory Puzzle","Storage location: Jigsaws","25"
"J256: Cube Transport puzzle","Storage location: Jigsaws, 6 puzzles in one on 12 cubes","55"
"J257: Pirate Puzzle","Storage location: Jigsaws","25"
"J259: Noahs Ark Puzzle 2","Storage location: Jigsaws","25"
"J261: sea life Puzzle","Storage location: Jigsaws, 4 sea creture shapes with wooden knobs","65"
"J262: 4 Animals puzzle","Storage location: Jigsaws","25"
"J263: Children of the World puzzle","Storage location: Jigsaws, 48 piece circular puzzle","51"
"J264: Dr Bafflers Muddle Puzzle","Storage location: Jigsaws","25"
"J265: Breakfast Puzzle","Storage location: Jigsaws, Board and breakfast pieces","53"
"J266: Animals of the world","Storage location: Jigsaws","25"
"J267: lion","Storage location: Jigsaws, 100 pieces","37"
"J268: lion king","Storage location: , 100 pieces","30"
"J275: NZ Jigsaw","Storage location: Jigsaws, 300 pieces","37"
"J277: Animal A to Z","Storage location: Jigsaws, 24 animals in wooden tray","52"
"J278: wooden farm floor puzzle","Storage location: Jigsaws, 26 pieces","36"
"J279: Wooden Snail Puzzle","Storage location: Jigsaws","25"
"J280: Solar System","Storage location: Jigsaws, 24 pieces","36"
"J282: Little Monkey","Storage location: Jigsaws, 12 pieces","36"
"J415: Things that go together","Storage location: Jigsaws, 10 x 2piece photo puzzles of things that go together.","80"
"J453: Whose Home","Storage location: Jigsaws","25"
"J48: Petrol Station Stand Up","Storage location: Jigsaws, Wooden can be built up to  make petrol station","73"
"J55: Tugboat","Storage location: Jigsaws, knobbed wooden puzzle of a tugboat (9 pieces)","72"
"J58: Four Seasons -4 layers","Storage location: Jigsaws, Wooden","33"
"J59: Dog with ball","Storage location: Jigsaws, Wooden dog puzzle","44"
"J5: Number Owl Puzzle","Storage location: Jigsaws","25"
"J654: Fishing Warf","Storage location: Jigsaws, 20 pieces + board +bag","49"
"J65: Roadworks","Storage location: Jigsaws, Wooden floor puzzle","46"
"J66: Big Fish","Storage location: Jigsaws, Floor puzzle wooden","46"
"J67: Tiger Puzzle","Storage location: Jigsaws, Wooden floor puzzle","46"
"J71: Night Cats","Storage location: Jigsaws, Wooden raised and textured puzzles","61"
"J72: School Tray Puzzle","Storage location: Jigsaws, Wooden","33"
"J74: Fire Tray puzzle","Storage location: Jigsaws, Wooden","33"
"J767: Rooster","Storage location: Jigsaws, Rooster wooden framed puzzle","55"
"J768: Wooden Block Jigsaws","Storage location: Jigsaws, Two train Jigsaws and one fish Jigsaw","64"
"J89: Dog/Cat/Pig","Storage location: Jigsaws, Knob puzzle","38"
"J92: Father Christmas","Storage location: Jigsaws, Wooden frame puzzle","46"
"J93: Dolphin","Storage location: Jigsaws, Wooden framed","40"
"J98: Farm Animals and Offspring","Storage location: Jigsaws, Wooden Frame","39"
"J9: Everday Life Puzzle (knobs)","Storage location: Jigsaws","25"
"T84: Firetruck - Sing and Read Songbook","Storage location: Tapes/CDs","27"