toy_id,toy_name,setls_internal_id,rental_price_cents,fetch_status
1,latches board 2,142928,100,ok
100,disney cars duplo set,142971,200,ok
1000,container ship,142199,200,ok
1006,Kazam Red Bike,142204,100,ok
1007,Feed the Frog Golf Set,142205,100,ok
101,duplo mini airport set,142972,100,ok
1011,Duplo Rescue Set,142209,200,ok
1014,Train Magnets,142212,50,ok
1015,Push a long rainbow,142213,50,ok
1016,Best friends Playhouse,142214,200,ok
1018,Stand n Play Ramp,142216,100,ok
1021,Bloktown Airport,142219,100,ok
1027,Girls Helmet,142223,50,ok
1028,Harold Helicopter,142224,100,ok
103,duplo stables set,142973,200,ok
1035,Clippo Animals,142230,50,ok
1036,Fisher Price Ark,142231,50,ok
1037,Push & Go Turtle,142232,50,ok
1038,Baby Jukebox,142233,50,ok
104,Sparkly blue guitar,142974,100,ok
1043,Firetruck,142236,200,ok
1044,Giraffe costume,142237,50,ok
1045,Hey Thats My Fish,142238,50,ok
1047,Kids of Catan,142240,100,ok
1048,Brain Box ABC,142241,50,ok
1049,You Robot,142242,50,ok
1050,First Hand,142243,50,ok
1055,Mega Blocks Work Bench,142248,100,ok
1056,Fisher Price Fun town railway,142249,200,ok
1058,Little people building blocks,142251,50,ok
106,Hammer and pegs 1,142976,50,ok
1062,Kids of Carcassonne,142255,100,ok
1063,Rivers Roads & Rails,142256,100,ok
1065,Wooden Lacing Shoe,142258,50,ok
1066,Shopping list,142259,50,ok
1068,Can You See What I See,142261,50,ok
1069,Yellow Helmet,142262,50,ok
107,Hammer and pegs 2,142977,50,ok
1070,Fisher Price Train Set,142263,50,ok
1072,Pink Wooden Train Set,142265,50,ok
1076,Duplo Cake Set,142269,100,ok
1077,Wooden Tool Trolley,142270,100,ok
1079,Weplay Blocks,142272,200,ok
108,Funny Animal Match Up,141436,50,ok
1081,Fairy Costume,142274,50,ok
1085,Little Tikes Sports and Slide,142278,200,ok
1086,Giant Spinning Top,142279,200,ok
1088,Pink Scooter,142281,50,ok
1089,Princess Elise Magnetic Dress Up,142282,50,ok
1090,Junior Bouncer Trampoline,142283,200,ok
1091,Baby Bouncer Tiny Love,142284,200,ok
1096,FM Radio,142289,50,ok
1097,Little Tikes Wagon,142290,200,ok
1098,Duplo Supermarket-Cafe,142291,100,ok
1099,Playskool Magic Tea Party,142292,50,ok
1100,Cozy Coupe Shopping Cart,142293,100,ok
1102,Ice Cream Parlour,142295,50,ok
1103,Step 2 Rollercoaster,142296,200,ok
1104,Step 2 Cafe Barista,142297,100,ok
1107,Healthy Salad,142300,100,ok
1111,Clippo,142304,50,ok
1119,Little tikes Car Carrier,142308,200,ok
112,Duplo Jurassic World,142981,200,ok
1122,Wooden Microwave,142311,100,ok
1124,Magnetic Counting Set - Numbers,142313,50,ok
113,Paw Patrol My Size Lookout Tower,142982,300,ok
1132,Little Tikes Golf Set,142320,50,ok
1133,Little People School Bus,142321,50,ok
1135,Menagerie,142323,100,ok
1136,Tell the time game,142324,100,ok
1137,Junior Alpha Animals,142325,100,ok
1139,Bill Bells Busy Puzzles for kids,142327,50,ok
1141,Step 2 Folding slide,142328,200,ok
1142,Polydron Giant Set,142329,200,ok
1144,Pounce,142331,50,ok
1148,Olifu Balance Disc,142335,200,ok
1149,Duplo House,142336,200,ok
1150,Little Tikes Ball Drop Water Table,142337,200,ok
1155,Fisher Price Letters Postbox,142341,100,ok
1158,Shapes Picnic Basket,142344,100,ok
1159,Lightning McQueen Racing Suit,142345,50,ok
116,Paw Patrol Rubble and Marshal (button to speak),142984,100,ok
1161,Balls,142347,100,ok
1162,WOW PLAYSET,142348,100,ok
1164,Melissa & Doug Latches Board,142350,100,ok
1166,Melissa & Doug Basic Skills Board,142352,100,ok
1169,Interactive Farm,142355,200,ok
117,Humdinger Family Set,141444,100,ok
1174,Cutting Food Set,142360,50,ok
1177,Family speed boat,142363,50,ok
118,Paw Patrol Rocky's Tugboat,142985,100,ok
1180,Little People Farm,142365,50,ok
1183,Superman costume,142368,50,ok
1184,Teenage Mutant Ninja Turtles Costume,142369,50,ok
1188,trampoline,142373,200,ok
1190,Calendar,142374,50,ok
1191,Big Wheel Scooter,142375,300,ok
1197,Stroller- front swivel wheel,142381,50,ok
1199,Thomas Trains Set,142383,200,ok
12,Pink Barbie helmet,142907,50,ok
120,Cruzee Gold Balance Bike,142986,300,ok
1203,Police Plane Pete,142387,100,ok
1206,Fire engine Flynn-take n play,142390,100,ok
1208,Thomas Shark Exhibit- take n play,142392,100,ok
121,Cruzee Red Balance Bike,142987,300,ok
1214,Dora Bath Doll,142398,50,ok
1215,Marios Pizza,142399,100,ok
1216,Mike the Knight bath Toy,142400,50,ok
1217,Butterfly Stacking Block Puzzle,142401,50,ok
1218,Enigma Puzzle,142402,100,ok
1220,Pop to the shops,142404,100,ok
1222,Exersaucer Jungle,142406,300,ok
1224,Bus stop,142408,100,ok
1226,Teddy bear cake tin,142410,300,ok
1227,Car Cake tin,142411,300,ok
1228,Dolly Varden cake tin,142412,300,ok
1229,Letters cake tin,142413,300,ok
1230,Crown Cake tin,142414,300,ok
1231,Handbag cake tin,142415,300,ok
1232,Wavy Tactile Path,142416,300,ok
1233,Wedgit Deluxe set,142417,100,ok
1235,Cozy Pumper,142419,200,ok
1236,Floor Surfer,142420,200,ok
1237,scooter board,142421,100,ok
1238,Giant sand digger,142422,200,ok
1240,Rocking Bowl,142424,300,ok
1241,green weplay roll,142425,100,ok
1242,Magna Tiles,142426,200,ok
1243,sit and spin,142427,50,ok
1244,whirlee,142428,50,ok
1245,Table and chaiirs,142429,200,ok
1246,Tumblekins Fire Station,142430,50,ok
1249,Junior Labyrinth,142433,100,ok
1250,Bilibo,142434,100,ok
1252,first steps babywalker,142436,200,ok
1255,Jungle Animal Dominoes,142439,50,ok
1258,Tell the time,142442,50,ok
1260,Poppys Pony Adventure,142444,100,ok
1261,3rd Man rebound Net,142445,200,ok
1265,Crazy Fort,142449,200,ok
1266,rebound net,142450,200,ok
1268,Doc Mcstuffins dressup,142452,100,ok
1270,Klip Klop fisher price,142454,100,ok
1278,Farm sounds block,142462,100,ok
1282,Micki Pram,142466,200,ok
1287,Battleship,142470,50,ok
1289,My little Pony Rainbow Helicopter,142472,100,ok
1291,Buckaroo,142474,50,ok
1292,Radio Flyer Roller Coaster,142475,300,ok
1296,Plus plus,142479,200,ok
1297,Super chef kitchen,142480,300,ok
1299,Blu Track,142482,300,ok
13,Pull along chicken,142908,50,ok
1302,Bowling Monkeys,142485,50,ok
1304,Sandpit toys,142487,100,ok
1305,Peg Board,142488,50,ok
1306,reptangles,142489,100,ok
1309,crocodile push and play,142492,50,ok
1310,activity triangle,142493,50,ok
1312,clock stacker,142495,50,ok
1313,Kicking Giraffe,142496,50,ok
1315,dress up tree house,142498,50,ok
1316,tri bike,142499,50,ok
1327,spot it!,142510,50,ok
1330,Wooden Transport Set,142513,50,ok
1331,fire station set,142514,300,ok
1332,leap pad purple,142515,300,ok
1334,Tiny Tot Driver,142517,50,ok
1335,Crazy colours torch,142518,50,ok
1336,Fire chief costume,142519,100,ok
1337,"balance bike, Blue, Eurotrike",142520,200,ok
1338,ride-on tcv green,142521,200,ok
1339,Tummy ache game,142522,50,ok
1340,Find It - Starry Night,142523,100,ok
1341,Rainbow hand bells,142524,200,ok
1342,5 rabbit peg puzzle,142525,50,ok
1343,9 animal wooden peg puzzle,142526,50,ok
1345,3 diggers chunky puzzle,142528,50,ok
1346,Flip n Tip Fred,142529,200,ok
1348,washing machine,142531,300,ok
1350,scramble play soft blocks,142533,300,ok
1352,push and go cheetah,142535,50,ok
1353,leapfrog house,142536,50,ok
1354,lamaze bug,142537,50,ok
1356,brainbox absolute electronics kit,142539,100,ok
1357,BrainBox car and boat kit,142540,100,ok
1358,Leap Frog Fridge Phonics,142541,100,ok
1359,Ride on Thomas,142898,300,ok
1363,Duplo farm,142886,50,ok
1364,Snakes and ladders,142887,100,ok
1365,Big building blocks,142888,100,ok
137,Mighty Voyager Pirate Ship,141461,50,ok
139,CAT Junior Operator Combo Hauler,143080,100,ok
147,Sorting Box,141469,50,ok
15,Baby fun time,142909,100,ok
152,CAT TAKE-APART-BUDDIES,143082,100,ok
155,Cyclone Wheelbarrow and Gardening Set,143208,100,ok
157,Tomy Car Garage,143017,50,ok
159,Looper & Friends,141479,50,ok
16,Wooden Building Blocks,141352,50,ok
161,Push along wooden fox,143020,50,ok
163,Primo Stacknlearn,141483,50,ok
164,Finger Puppets & Theatre,141484,100,ok
166,Whale Teeter Totter,141486,200,ok
167,Eichhorn Activity Cube,143023,100,ok
168,Fisher Price MEGA Farm,143024,100,ok
169,Boy baby doll,143025,50,ok
171,vtech Safari Sounds Piano,143027,50,ok
173,Vtech Toot-Toot Animals,143028,100,ok
174,CAT metal dump truck,143058,100,ok
177,Vtech Toot-Toot Drivers Garage,143032,100,ok
178,Le Toy Van Pizza,143033,50,ok
179,Jamm Scoot Ride On,143209,100,ok
18,Bean bag games,142911,50,ok
180,Wooden Animal Sounds Puzzle,143035,50,ok
181,John Deere Digger,143036,50,ok
183,Suitcase Shape Sorter,141500,50,ok
189,Ladybird Dress Up,141505,50,ok
19,Big basketball stand,142912,300,ok
191,Peek A Boo Tunnel,141507,200,ok
193,Vtech Giraffe Guitar,143044,50,ok
196,Fisher Price Vacuum,143047,,no_price
198,Peppa Pig House,143048,50,ok
2,Bouncy Castle,142897,5000,ok
200,Catch and count fishing game,143049,100,ok
202,Grande Coupe (green),141515,200,ok
203,Vtech Toot-Toot Extreme Stunt Set,143051,100,ok
205,Jungle Glove Puppets,141517,50,ok
207,Whats Inside Me Apron,141519,50,ok
209,Symphonic Grand Piano Set,143054,200,ok
21,Little people helicopter,142914,100,ok
210,Fantasy Puppets,141522,50,ok
211,Vtech vehicles,143055,100,ok
213,Imaginext Jurassic Rex,143057,300,ok
214,CAT plastic loader,143059,50,ok
215,Trunki Suitcase,143060,50,ok
218,Cozy Coupe (red),141529,200,ok
22,Wooden chunky train,142915,50,ok
225,Vtech Push and Ride Alphabet Train,143069,100,ok
229,Maze Balancing Board,141539,50,ok
23,Wooden Beads,141359,50,ok
233,Coloured Clown,141543,50,ok
235,Twist n Learn and Tweet n Twirl,141545,50,ok
239,Doctors dress up,141549,50,ok
243,Tongue Drum,141553,100,ok
244,Optimus Prime Dinosaur/Knight,143083,100,ok
246,Safari Sounds Microphone 1#,143084,50,ok
247,John Deere Buck,143195,50,ok
248,Floaty Boat,141558,50,ok
249,WOW Spaceship,143086,50,ok
252,TRUCK John Deere,143089,200,ok
253,TRACTOR LOADER John Deere,143090,200,ok
254,FLIP ride on,143091,50,ok
256,Thomas bike,143093,50,ok
257,Dino Hunt,143094,100,ok
258,Gator Goal,143096,50,ok
26,Wooden chunky train 2,142916,50,ok
266,JOHN DEERE MIGHTY TRIKE,143106,300,ok
267,Little Tikes UNICORN,143107,300,ok
269,Duplo Post Office,141573,50,ok
27,Wooden chunky tractor,142917,50,ok
273,Shapeboard,141576,50,ok
278,Duplo Playhouse,141579,100,ok
279,Ticket to Ride First Journey,143116,200,ok
28,Shopping Cart & Groceries,141364,50,ok
281,Mini Spinning Wheel,143118,50,ok
282,Mini Marble Run,141583,50,ok
283,Vtech Musical Rhymes Book,143119,50,ok
284,Playskool Hammer Bench,143120,50,ok
285,Playskool Musical Tambourine,143121,50,ok
286,Deer Bounce Game,143512,100,ok
287,Twinkles to go Octopus,143122,100,ok
290,GHOST BLITZ,143124,100,ok
292,Gobblet Junior,143125,100,ok
294,SUPER SANDWICH,143126,100,ok
299,Buildn Snail Pail,141597,50,ok
30,Duplo - Dino World,141366,100,ok
31,Crane,142919,200,ok
311,Rattle & Roll,143140,100,ok
313,Fisher Price Shapes Set,143141,50,ok
314,Loving Country Home,143455,200,ok
316,RALPH THE DINOSAUR,143145,50,ok
317,Slide,141615,200,ok
321,Felt Kids Deep Sea Diving,141619,50,ok
322,Alligator See Saw,141620,200,ok
323,Vtech Toot Toot Race Cars,143186,100,ok
324,Felt Kids Beach Party,141622,50,ok
34,Learning chair,142921,100,ok
35,Vehicle puzzle knobs,142922,50,ok
350,Kinderboard,143182,200,ok
352,Vtech Toot Toot Fire Station,143187,50,ok
353,Western Play Fort,141642,50,ok
359,Loving Family Home,143193,150,ok
369,Buzz About Mailbox,141651,100,ok
373,fisher price little driver,143314,50,ok
38,Music set 1,142924,50,ok
381,Animal Baby Lotto,141657,50,ok
385,Paw Patrol Pups to the rescue driver,143226,50,ok
394,V Tech Toot-Toot Train Station,143233,200,ok
396,Puzzle Blocks,141672,50,ok
398,Cookie Monster Pots and Pans,141674,50,ok
399,Poppity Pop Elephant,141675,50,ok
4,"Swagtron 2-in-1 Child Walker, Balance Bike and Scooter",143081,100,ok
40,Play Slide,141374,200,ok
407,"HARO Shredder 16"" Black and Blue Pedal bike",143239,300,ok
408,"HARO Shredder 16""  Blue and Black Pedal bike",143240,300,ok
41,Green trike tractor john deere,142926,200,ok
413,Peekaboo blocks,141687,50,ok
415,Electronic cash register,141689,50,ok
416,Magnetic Farm Board,141690,50,ok
418,Bob the Builders Playdough Activity Belt,141692,50,ok
422,Dinosaur Egg,143516,100,ok
423,Dinoland Felt Montage,141697,50,ok
43,ride on tcv green 2,142929,200,ok
44,Little tikes xylophone,142930,50,ok
441,Number Bugs,141713,50,ok
452,Car Shape Sorter,141724,50,ok
458,Barbie and pony,143294,50,ok
47,Big Strike Bowling Set,141380,50,ok
470,Motorised Thomas The Tank Engine,143306,50,ok
475,Tonka Fire Rescue,143456,50,ok
476,Wooden Play Set,143310,100,ok
477,Chicco Table,141749,100,ok
478,James Engine,143311,50,ok
48,Cosy coupe red,142932,50,ok
480,Rocking Pony,141752,200,ok
483,Baby Wobble Owl,143315,50,ok
49,Riding a Dino costume,142933,100,ok
490,Duplo - Airport Set,141762,200,ok
492,Tolo Activity Centre,141764,50,ok
50,Touch n Learn Cot Toy,141383,50,ok
502,Pop Onz - Build and Go Village,141773,50,ok
503,Little Tikes Activity Table,141774,100,ok
506,Katie Camper and Friends,141777,100,ok
508,Hullabaloo,141779,100,ok
51,Grufalo costume,142934,100,ok
510,Duplo Farm Set,141781,100,ok
511,Lil Boating Fun,141782,50,ok
527,Large Petrol Station,143346,50,ok
528,Wooden tool Set,142895,50,ok
529,Classic World Wooden Pirate Ship,143347,100,ok
538,Ultrasaucer,141808,200,ok
539,HART SOFT BLOCKS,143355,500,ok
540,Dinosaur Costume,141810,100,ok
547,Tappy Turtle,141817,50,ok
549,Little Tikes Basketball Hoop - Small but adjustable,143365,50,ok
55,Wooden block shape puzzle,142936,50,ok
550,Activity Climber,141820,300,ok
553,Black and Decker Electronic Workbench,141823,200,ok
554,Fisher Price Learning Home,141824,100,ok
555,Appleyard Riding Stable,141825,200,ok
557,Big Jake Tractor and Trailer,141827,300,ok
562,Time to Learn Preschool,141832,100,ok
563,Pikler Climbing Frame and Ramp with foot grips (1#),143370,200,ok
564,Cube Building Blocks,141834,50,ok
566,Thomas and James Duplo Train Set,141836,200,ok
569,Pikler Climbing Ladder (foldable),143373,100,ok
57,Kiwi puzzle,142937,50,ok
571,Twirlin Whirlin Turtle,141841,100,ok
574,Monster Truck Set,143377,50,ok
575,Rocking Ark with Animal Blocks,141845,100,ok
576,Wooden Farmyard Balancing Set,143378,,no_price
58,Star wars puzzle,142938,50,ok
59,Ben 10 puzzle,142939,50,ok
603,Little People - DumpTruck,141873,50,ok
608,Junior Activity Park,141878,300,ok
61,Ring Around Bead Frame,141394,50,ok
610,Leaping Lizards,141880,50,ok
611,Discover Sounds - Stackin Pans,141881,50,ok
618,Baby Grand Piano,141888,200,ok
62,Sandpit Front End Loader,141395,100,ok
620,Thomas Bead Frame,141890,50,ok
621,Post Office Play Set,141891,100,ok
628,Thomas - Quarry Mine Tunnel Set,141898,100,ok
63,race car transporter,141396,50,ok
634,Wooden blocks w/ yellow shape sorting lid,143411,50,ok
636,Connetrix,141906,50,ok
642,Harry Copters Animal Rescue,141912,50,ok
643,Thomas & Friends Playset,143416,50,ok
644,Duplo Fire station & Rescue Helicopter,143417,50,ok
645,Tap Tap Animals,141915,50,ok
646,Blue Ice Dragon,143418,50,ok
647,White Picnic Basket,143419,50,ok
648,PJ Masks Headquarters,143420,50,ok
65,Doc McStuffins puzzle tin,142941,50,ok
650,Ironing Board and Iron,141920,50,ok
653,Bounce and Spin Zebra,141923,200,ok
656,Ninja turtle puzzle & board game,143424,50,ok
657,Donatello ninja turtle,143425,50,ok
660,Electronic Barbeque,141930,50,ok
673,Black Motorbike,141943,50,ok
684,Brainy Buds,143452,100,ok
685,Create a Car,141955,50,ok
687,Brainbox Radio Kit,143459,100,ok
689,Adventure Tent Set with Crawl Tunnel,143460,200,ok
69,Find it 123 50 piece floor puzzle,142945,50,ok
690,Learning Piggy Bank,141960,100,ok
691,Green Mocka Bike,143461,50,ok
692,Vtech Farm Activity Walker,143462,50,ok
693,Popn Surprise Train,141963,100,ok
696,Imaginext - Jungle,141966,100,ok
697,Alphabet Lotto,141967,50,ok
698,Numbers and Counting Dominoes,141968,50,ok
7,Superhero costume,142902,50,ok
700,Princess Elise - Magnetic Dressing Doll,141970,50,ok
707,Hammer Balls,141977,50,ok
710,Fisher-price ABC Bus,143467,50,ok
714,Pound the Ball,141984,50,ok
715,Number Cakes,141985,100,ok
72,Mobilio,141403,50,ok
720,BIG plastic Kitchen,141990,200,ok
723,Threading Tree,141993,50,ok
724,CAT Tipping Dump Ride-on,141994,100,ok
726,Little Hero Garage Monster,143476,100,ok
727,Disney Princess Cinderella's Carriage,143477,100,ok
728,Junior Monopoly,141998,100,ok
73,Small car slopes,142948,50,ok
731,Attribute Block Set (wooden),142001,50,ok
732,Rescue Hero Avalanche,142002,100,ok
738,Vtech activity table,143483,100,ok
739,Vtech little driver,143484,50,ok
74,Jolly Jumper,141405,50,ok
743,Minitrac Cat Tipping Dumptruck 2,142013,100,ok
744,Ranbow walker,143485,100,ok
745,Leap frog alphabetical pull along dog,143486,50,ok
746,Press and dash dog,143487,50,ok
747,Dino pop up,143488,50,ok
748,Animal pop up,143489,50,ok
749,Animal push and play,143490,50,ok
75,Duplo- Arctic Set,141406,100,ok
751,vtech pop-a-ball pit,143491,100,ok
754,1# vtech pop-a-ball pit,143492,100,ok
755,Fisher price stand and twirl,143493,100,ok
758,Tolo happy friends,143494,50,ok
76,All Terrain Vehicle,141407,100,ok
761,Ride 2 Roll Scooter 2,142030,50,ok
765,2n1 Dump Truck,142034,100,ok
768,Harvey Harvester,142037,50,ok
775,Chutes and Ladders,142044,50,ok
776,Wooden Learning Abacus,143504,50,ok
777,Table and chairs,142046,200,ok
778,trampoline 3,142047,200,ok
779,LeapFrog Musical Table Drum,143505,50,ok
780,Animal Cottage,142049,100,ok
782,Hexagon Shape Sorter,143506,50,ok
784,Lego Jet Fuel Truck,142053,50,ok
786,LeapFrog Count & Colors Band,143507,50,ok
787,My Little Pony Fashion Fun,142056,100,ok
788,Little People Lil' Movers Airplane,143508,100,ok
789,Wooden Airport Set,143509,150,ok
79,All in one coffee shop,142950,100,ok
792,Metal Machines,143513,100,ok
794,Busy Park,142062,50,ok
795,Transport Pathfinder,142063,50,ok
80,Happy Villa dolls house,142951,150,ok
803,Connect Four,142071,50,ok
807,Monopoly Junior,143524,100,ok
808,Road Signs,142076,50,ok
81,Tool bench,142952,,no_price
810,2 wheel scooter,142078,100,ok
813,Wooden Block,143528,50,ok
814,Eichhorn Wooden Block,143529,50,ok
817,Walker Pram (without doll),142085,50,ok
818,Viking Fire Truck,142086,50,ok
819,Fisher-Price Airplane,142087,100,ok
82,Cot toy,142953,50,ok
820,Car Carrier Truck Set,143531,150,ok
824,Busy Bouncing Zoo,142092,50,ok
829,Fantasy World Block Puzzle,142097,50,ok
833,Sonya Lee and Her Pet Salon,142101,100,ok
834,Rush Hour Junior,142102,100,ok
837,Sharon the Sheep,142105,100,ok
838,CooCoo the Rocking Clown,142106,100,ok
839,What a Performance,142107,100,ok
844,Magnetico,142112,100,ok
847,Pink Bead Frame,142115,50,ok
849,Mixed Baby Toys #2,142117,50,ok
85,Wooden clock puzzle,142957,50,ok
850,Polar Bear Ball Slide,142118,100,ok
857,Candy Land Game,142125,100,ok
867,Shapes Board,142135,50,ok
87,Bead lacing,142958,50,ok
871,Pop up Turtle,142139,50,ok
874,Mike the Mower,142142,50,ok
875,Little People Ambulance,142143,100,ok
878,Blocksters Block Spot,142146,100,ok
879,Clipo Hippo,142147,50,ok
88,Paw patrol matching game,142959,50,ok
881,Duplo Numbers Set,142149,100,ok
883,Jungle of Fun,142151,100,ok
884,Green Triang Trike,142152,300,ok
885,Red Tandum Bike,142153,300,ok
889,Felt Creations - Construction,142157,50,ok
89,Paw patrol giant puzzle,142960,50,ok
891,My Little Pony Room,142158,100,ok
893,Little People Builders,142160,200,ok
9,ZAP THE COW,142954,50,ok
90,Pink musical push chair,142961,50,ok
903,Baby Dress Up,142169,100,ok
904,Pop Up Pirate,142170,50,ok
906,Plasma Car,142172,300,ok
908,Castle Logix,142174,50,ok
91,dolls bunk beds,142962,200,ok
910,Thomas - Rock and Roll Quarry Set,142176,100,ok
913,Name That Country - Geography Game,142179,100,ok
916,GeoSafari - Talking Microscope,142182,50,ok
919,Switchback Racetrack,142185,100,ok
924,Little People Stand n Play Ramp,142190,200,ok
95,Wild Whirlpool water table,142966,300,ok
96,Get Rollin activity table,142967,200,ok
97,3 in 1 twinkling horse table walker,142968,200,ok
977,Fisher Price Small Car Garage,143313,50,ok
98,Jolly jumper 2,142969,200,ok
984,fold up Slide,142192,200,ok
987,Aqualand,142195,200,ok
988,Wooden Trolley,142196,50,ok
989,Wooden MailBox,142197,50,ok
99,Springin Safari bounce around,142970,300,ok
J108,Months and Seasons,142628,50,ok
J114,Funny Frogs,142634,50,ok
J1151,Barbie  Spring Thing Puzzle,142808,50,ok
J116,Spider textured,142636,50,ok
J12,Maori Numbers 1-5,142555,50,ok
J126,Tactile Match Ups,142643,50,ok
J130,Composed Matching Board,142647,50,ok
J131,Girl Getting Dressed #1,142648,50,ok
J135,Inside Story Market Stall,142652,50,ok
J136,Flight Puzzle,142653,50,ok
J142,Life Cycle of a Frog,142659,50,ok
J144,Papu Hau Fraction Board,142661,50,ok
J146,World Map Jigsaw,142662,50,ok
J147,Dinosaur Discovery,142663,50,ok
J157,Ocean floor puzzle,142673,50,ok
J159,My Ships Floor Puzzle,142675,50,ok
J163,1-2-3 puzzle,142679,50,ok
J171,Backyard Bugs Floor Puzzle,142687,50,ok
J179,Alphabet Road Puzzle,142695,50,ok
J18,Dinosaur alphabet and number puzzle,142910,50,ok
J180,Train Tray Puzzle,142696,50,ok
J188,In the Countryside Floor Puzzle,142703,50,ok
J189,Silly Silly Sea 2-sided Floor Puzzle,142704,50,ok
J191,Country/Town Mouse Puzzle (70 piece),142706,50,ok
J192,Tough Truck Floor Puzzle (50),142707,50,ok
J193,Giant Digger (30),142708,50,ok
J195,Gingerbread House (35),142710,50,ok
J198,Seashore (150),142713,50,ok
J199,Emergency Double-sided Puzzle (46),142714,50,ok
J202,Machines (3x 3pce),142717,50,ok
J205,Endangered species,142720,50,ok
J207,Map of the Solar System (104),142722,50,ok
J212,World Atlas,142727,50,ok
J218,Shaped Pirate Puzzle,142733,50,ok
J219,Find the Rhyme (50),142734,50,ok
J222,World of Flags (140),142737,50,ok
J227,Wooden New Zealand Map,142742,50,ok
J233,train puzzle,142748,50,ok
J234,Wooden Transportation Puzzle,142749,50,ok
J241,Wooden Shapes,142755,50,ok
J242,Wooden Number Puzzle,142756,50,ok
J247,Giraffe 123 and ABC,142761,50,ok
J252,Big Wheels Puzzle,142766,50,ok
J254,Rory Puzzle,142768,50,ok
J256,Cube Transport puzzle,142770,50,ok
J259,Noahs Ark Puzzle 2,142773,50,ok
J261,sea life Puzzle,142775,50,ok
J262,4 Animals puzzle,142776,50,ok
J263,Children of the World puzzle,142777,50,ok
J266,Animals of the world,142780,50,ok
J268,lion king,142782,50,ok
J275,NZ Jigsaw,142788,50,ok
J277,Animal A to Z,142790,50,ok
J279,Wooden Snail Puzzle,142792,50,ok
J280,Solar System,142793,50,ok
J282,Little Monkey,142795,50,ok
J48,Petrol Station Stand Up,142583,50,ok
J5,Number Owl Puzzle,142548,50,ok
J55,Tugboat,142586,50,ok
J58,Four Seasons -4 layers,142588,50,ok
J59,Dog with ball,142589,50,ok
J65,Roadworks,142593,50,ok
J66,Big Fish,142594,50,ok
J71,Night Cats,142597,50,ok
J72,School Tray Puzzle,142598,50,ok
J74,Fire Tray puzzle,142600,50,ok
J767,Rooster,142802,50,ok
J768,Wooden Block Jigsaws,142803,50,ok
J89,Dog/Cat/Pig,142614,50,ok
J9,Everday Life Puzzle (knobs),142552,50,ok
J93,Dolphin,142617,50,ok
J98,Farm Animals and Offspring,142622,50,ok
